mode,severity,corruption,seed,acc,ece
source,1,gaussian_noise,0,74.34,15.18169687718153
tent,1,gaussian_noise,0,86.659996,8.517231810092927
tent_temp,1,gaussian_noise,0,86.78,4.492640881091356
sicl,1,gaussian_noise,0,86.1,5.463126169443131
cgt_isocal,1,gaussian_noise,0,86.21,7.281829457879066
sicl_isocal,1,gaussian_noise,0,87.5,3.039587274342775
eata,1,gaussian_noise,0,85.13,9.079976923316718
sar,1,gaussian_noise,0,83.950005,8.869149231016635
source,1,gaussian_noise,1,74.34,15.181696138679982
tent,1,gaussian_noise,1,86.34,8.805164681971073
tent_temp,1,gaussian_noise,1,86.42,4.7355951371788985
sicl,1,gaussian_noise,1,86.69,5.0604692909121525
cgt_isocal,1,gaussian_noise,1,87.21,6.191249572634697
sicl_isocal,1,gaussian_noise,1,86.09,3.1909878447651865
eata,1,gaussian_noise,1,84.93,9.295967708677052
sar,1,gaussian_noise,1,83.9,8.885023271143435
source,1,gaussian_noise,2,74.34,15.181696814596652
tent,1,gaussian_noise,2,86.63,8.512536015808584
tent_temp,1,gaussian_noise,2,86.88,4.592322214543819
sicl,1,gaussian_noise,2,86.53,4.969218152314425
cgt_isocal,1,gaussian_noise,2,86.76,6.590200043022633
sicl_isocal,1,gaussian_noise,2,86.13,2.850993505418301
eata,1,gaussian_noise,2,85.06,8.960333905667067
sar,1,gaussian_noise,2,84.38,8.522637134194374
source,1,shot_noise,0,82.880005,9.316004266291857
tent,1,shot_noise,0,88.520004,7.291091098040342
tent_temp,1,shot_noise,0,89.14,3.3609064249694343
sicl,1,shot_noise,0,88.94,4.520311712175608
cgt_isocal,1,shot_noise,0,88.61,5.867336039543152
sicl_isocal,1,shot_noise,0,89.15,2.710364353209734
eata,1,shot_noise,0,87.76,7.135821723639965
sar,1,shot_noise,0,86.53,7.1274717611074445
source,1,shot_noise,1,82.880005,9.316004184037446
tent,1,shot_noise,1,88.840004,6.900753085911274
tent_temp,1,shot_noise,1,88.92,3.392177052497863
sicl,1,shot_noise,1,89.0,4.598593578785658
cgt_isocal,1,shot_noise,1,88.82,5.952240212261677
sicl_isocal,1,shot_noise,1,88.85,2.654220265522599
eata,1,shot_noise,1,87.7,7.178435656726361
sar,1,shot_noise,1,86.659996,7.073222249001265
source,1,shot_noise,2,82.880005,9.315999672561883
tent,1,shot_noise,2,88.950005,6.89603992536664
tent_temp,1,shot_noise,2,88.340004,3.944863268584013
sicl,1,shot_noise,2,89.05,4.554217452704907
cgt_isocal,1,shot_noise,2,88.67,5.967897760868071
sicl_isocal,1,shot_noise,2,88.64,2.185460181832314
eata,1,shot_noise,2,87.72,7.272882477790117
sar,1,shot_noise,2,86.61,7.017116535604001
source,1,impulse_noise,0,82.89,10.375165237039328
tent,1,impulse_noise,0,87.28,8.226174509227276
tent_temp,1,impulse_noise,0,87.43,4.40259041517973
sicl,1,impulse_noise,0,87.26,5.47906329035759
cgt_isocal,1,impulse_noise,0,88.08,6.548766299486161
sicl_isocal,1,impulse_noise,0,87.01,3.533549262881279
eata,1,impulse_noise,0,86.5,7.987923312336206
sar,1,impulse_noise,0,85.149994,8.006210602521897
source,1,impulse_noise,1,82.89,10.375165591090918
tent,1,impulse_noise,1,87.08,8.482316924929618
tent_temp,1,impulse_noise,1,87.72,4.092431586682797
sicl,1,impulse_noise,1,87.6,5.225000543892384
cgt_isocal,1,impulse_noise,1,87.159996,6.757500069439411
sicl_isocal,1,impulse_noise,1,87.52,2.977116000503302
eata,1,impulse_noise,1,86.44,8.176010122299195
sar,1,impulse_noise,1,85.259995,7.8261710143089305
source,1,impulse_noise,2,82.89,10.375165253132582
tent,1,impulse_noise,2,87.85,7.741577471643686
tent_temp,1,impulse_noise,2,87.7,4.041917564719916
sicl,1,impulse_noise,2,87.83,5.48718677073717
cgt_isocal,1,impulse_noise,2,87.5,6.594348227977753
sicl_isocal,1,impulse_noise,2,87.09,3.2653036534786226
eata,1,impulse_noise,2,86.24,8.241294296979904
sar,1,impulse_noise,2,85.09,8.095700392872097
source,1,defocus_blur,0,93.01,3.537267423570156
tent,1,defocus_blur,0,92.52,4.502940291464329
tent_temp,1,defocus_blur,0,92.22,1.9905500620603562
sicl,1,defocus_blur,0,92.28,3.6307798466086396
cgt_isocal,1,defocus_blur,0,92.29,4.644989885687828
sicl_isocal,1,defocus_blur,0,92.11,1.9406712412089113
eata,1,defocus_blur,0,91.84,4.474731149822474
sar,1,defocus_blur,0,91.18,4.377203983664513
source,1,defocus_blur,1,93.01,3.5372673591971395
tent,1,defocus_blur,1,91.939995,4.9820444470644
tent_temp,1,defocus_blur,1,92.2,2.1550581017136574
sicl,1,defocus_blur,1,92.21,3.3012504705786707
cgt_isocal,1,defocus_blur,1,92.2,4.781107501089574
sicl_isocal,1,defocus_blur,1,92.02,1.6570306654274465
eata,1,defocus_blur,1,91.9,4.449121068120003
sar,1,defocus_blur,1,91.259995,4.2572533334791665
source,1,defocus_blur,2,93.01,3.5372673591971395
tent,1,defocus_blur,2,91.93,5.0578545275330535
tent_temp,1,defocus_blur,2,92.009995,2.2423134544491767
sicl,1,defocus_blur,2,91.96,3.439218634068966
cgt_isocal,1,defocus_blur,2,92.4,4.6355884602665895
sicl_isocal,1,defocus_blur,2,92.35,2.1739787267148496
eata,1,defocus_blur,2,91.979996,4.509209017455578
sar,1,defocus_blur,2,91.409996,4.103540300875902
source,1,glass_blur,0,43.059998,41.29343976944685
tent,1,glass_blur,0,75.47,16.821306058764456
tent_temp,1,glass_blur,0,74.6,11.999367890059947
sicl,1,glass_blur,0,75.71,8.604999956935643
cgt_isocal,1,glass_blur,0,75.23,11.295812164247035
sicl_isocal,1,glass_blur,0,75.01,4.272192335724831
eata,1,glass_blur,0,71.89,18.589952044487003
sar,1,glass_blur,0,71.44,17.340117528140546
source,1,glass_blur,1,43.059998,41.29343905210495
tent,1,glass_blur,1,75.24,16.998274435698985
tent_temp,1,glass_blur,1,75.15,11.56035794660449
sicl,1,glass_blur,1,74.45,8.747813381701707
cgt_isocal,1,glass_blur,1,74.73,12.10576826661825
sicl_isocal,1,glass_blur,1,75.3,5.156908260807395
eata,1,glass_blur,1,72.88,17.728016669601203
sar,1,glass_blur,1,71.51,17.07644220471382
source,1,glass_blur,2,43.059998,41.2934390977025
tent,1,glass_blur,2,75.18,16.93722742587328
tent_temp,1,glass_blur,2,75.24,11.363489319533109
sicl,1,glass_blur,2,74.97,8.905469046831131
cgt_isocal,1,glass_blur,2,74.98,11.599605526775122
sicl_isocal,1,glass_blur,2,74.64,5.173335149586202
eata,1,glass_blur,2,72.6,17.881720192134377
sar,1,glass_blur,2,71.55,17.146523246467112
source,1,motion_blur,0,86.78,7.331180550456047
tent,1,motion_blur,0,90.92,5.517295145094395
tent_temp,1,motion_blur,0,90.63,2.6841598469018937
sicl,1,motion_blur,0,90.41,3.6529706546664236
cgt_isocal,1,motion_blur,0,90.5,5.202697520256043
sicl_isocal,1,motion_blur,0,90.8,2.379554725885391
eata,1,motion_blur,0,90.200005,5.436714719682932
sar,1,motion_blur,0,89.420006,5.320994032472372
source,1,motion_blur,1,86.78,7.331180394291878
tent,1,motion_blur,1,90.020004,6.233957307636738
tent_temp,1,motion_blur,1,90.37,2.9030958449840543
sicl,1,motion_blur,1,90.6,4.275311499238015
cgt_isocal,1,motion_blur,1,90.54,5.442419213950634
sicl_isocal,1,motion_blur,1,90.43,2.6166751806437967
eata,1,motion_blur,1,90.240005,5.499577371776104
sar,1,motion_blur,1,89.490005,5.218585933595896
source,1,motion_blur,2,86.78,7.331180361509324
tent,1,motion_blur,2,90.68,5.742897972762584
tent_temp,1,motion_blur,2,90.36,2.907999258637428
sicl,1,motion_blur,2,90.05,4.215938052237034
cgt_isocal,1,motion_blur,2,90.95,4.977660228908062
sicl_isocal,1,motion_blur,2,90.51,2.3133614777028564
eata,1,motion_blur,2,90.020004,5.610597379207611
sar,1,motion_blur,2,89.46,5.307290967106819
source,1,zoom_blur,0,83.560005,8.886716741323472
tent,1,zoom_blur,0,90.39,5.977117123305797
tent_temp,1,zoom_blur,0,90.68,2.6536678963899614
sicl,1,zoom_blur,0,90.7,3.7445301672816274
cgt_isocal,1,zoom_blur,0,90.42,5.443683351576328
sicl_isocal,1,zoom_blur,0,90.72,2.522762955278158
eata,1,zoom_blur,0,90.020004,5.601890268474817
sar,1,zoom_blur,0,89.600006,5.238938470929861
source,1,zoom_blur,1,83.560005,8.886713137626648
tent,1,zoom_blur,1,90.25,6.181679167449475
tent_temp,1,zoom_blur,1,90.3,2.7293624351918697
sicl,1,zoom_blur,1,90.78,3.7818735241889954
cgt_isocal,1,zoom_blur,1,90.75,5.447389641404151
sicl_isocal,1,zoom_blur,1,90.21,2.7742821757495406
eata,1,zoom_blur,1,90.130005,5.5008787170052535
sar,1,zoom_blur,1,89.53,5.226271155178547
source,1,zoom_blur,2,83.560005,8.886716612279416
tent,1,zoom_blur,2,90.74,5.839170308411122
tent_temp,1,zoom_blur,2,90.45,2.8389350752532483
sicl,1,zoom_blur,2,90.32,4.27640626475215
cgt_isocal,1,zoom_blur,2,90.44,5.590928328037262
sicl_isocal,1,zoom_blur,2,90.59,2.349122558832169
eata,1,zoom_blur,2,90.11,5.637704115211964
sar,1,zoom_blur,2,89.64,5.189005553275347
source,1,snow,0,86.88,7.498328164219855
tent,1,snow,0,88.01,7.700874790847301
tent_temp,1,snow,0,88.3,3.9035240136086937
sicl,1,snow,0,88.36,4.680938315093518
cgt_isocal,1,snow,0,88.21,6.397676620185376
sicl_isocal,1,snow,0,88.450005,3.397387148290873
eata,1,snow,0,87.34,7.585799230188131
sar,1,snow,0,86.18,7.644877160936595
source,1,snow,1,86.88,7.4983280667662635
tent,1,snow,1,88.31,7.4013482114672655
tent_temp,1,snow,1,88.1,4.179375665485859
sicl,1,snow,1,88.36,4.572967039644718
cgt_isocal,1,snow,1,87.91,6.643324120640755
sicl_isocal,1,snow,1,88.17,2.867992121875286
eata,1,snow,1,87.76,7.137197405695915
sar,1,snow,1,86.34,7.327783353179693
source,1,snow,2,86.88,7.498326717615128
tent,1,snow,2,88.380005,7.3788985575735575
tent_temp,1,snow,2,87.8,4.424444195926189
sicl,1,snow,2,88.24,4.566564456224442
cgt_isocal,1,snow,2,88.32,6.46694963157177
sicl_isocal,1,snow,2,88.340004,3.2580877755582325
eata,1,snow,2,87.3,7.691968237161636
sar,1,snow,2,86.11,7.549361057579517
source,1,frost,0,87.53,6.55665138155222
tent,1,frost,0,89.32,6.670859445035457
tent_temp,1,frost,0,88.82,3.5932234045863156
sicl,1,frost,0,89.26,4.44297036498785
cgt_isocal,1,frost,0,89.020004,6.058149579465388
sicl_isocal,1,frost,0,89.41,3.1013111501932142
eata,1,frost,0,88.61,6.4755873310565955
sar,1,frost,0,87.88,5.982926083654165
source,1,frost,1,87.53,6.556651468873024
tent,1,frost,1,89.18,6.7437967155873775
tent_temp,1,frost,1,89.01,3.515532845556736
sicl,1,frost,1,89.64,4.072656228840351
cgt_isocal,1,frost,1,89.15,6.026109810471534
sicl_isocal,1,frost,1,89.36,2.400177833288908
eata,1,frost,1,88.68,6.437580955475569
sar,1,frost,1,87.91,5.735391176491976
source,1,frost,2,87.53,6.556651293337346
tent,1,frost,2,89.69,6.242438021749257
tent_temp,1,frost,2,89.26,3.2890742221474643
sicl,1,frost,2,89.520004,4.165780773460866
cgt_isocal,1,frost,2,89.3,6.2669181022048
sicl_isocal,1,frost,2,89.270004,2.39424818366766
eata,1,frost,2,88.73,6.395131766796111
sar,1,frost,2,87.56,6.193134866803884
source,1,fog,0,92.52,3.8790866708755494
tent,1,fog,0,92.24,4.822234092354774
tent_temp,1,fog,0,92.1,2.0675811506807804
sicl,1,fog,0,92.049995,3.8051571920514107
cgt_isocal,1,fog,0,92.21,4.677620876729488
sicl_isocal,1,fog,0,92.07,2.1514039184898137
eata,1,fog,0,91.689995,4.6146680665016175
sar,1,fog,0,91.049995,4.410258714854717
source,1,fog,1,92.52,3.879096972942353
tent,1,fog,1,92.229996,4.816591242700816
tent_temp,1,fog,1,91.9,2.3659305600821976
sicl,1,fog,1,92.18,3.0960923187434677
cgt_isocal,1,fog,1,91.79,5.099165727496147
sicl_isocal,1,fog,1,92.11,2.099050764143467
eata,1,fog,1,91.82,4.680962008833886
sar,1,fog,1,91.18,4.286652278602124
source,1,fog,2,92.52,3.87909717142582
tent,1,fog,2,92.02,4.957062287330627
tent_temp,1,fog,2,92.159996,2.1172852545976637
sicl,1,fog,2,92.1,3.618907662630081
cgt_isocal,1,fog,2,92.21,4.822455087602139
sicl_isocal,1,fog,2,91.939995,1.9699458096921445
eata,1,fog,2,91.78,4.621620268374682
sar,1,fog,2,91.17,4.262993225157261
source,1,brightness,0,93.03,3.5837146446108816
tent,1,brightness,0,92.22,4.780316476672888
tent_temp,1,brightness,0,92.17,2.1489456042647364
sicl,1,brightness,0,92.28,3.5237507602572435
cgt_isocal,1,brightness,0,92.27,4.545655757188797
sicl_isocal,1,brightness,0,92.189995,1.7130669610202314
eata,1,brightness,0,91.78,4.609001230299473
sar,1,brightness,0,91.04,4.4965530285239215
source,1,brightness,1,93.03,3.58371458798647
tent,1,brightness,1,91.92,5.080657598376274
tent_temp,1,brightness,1,92.27,1.9672639267146588
sicl,1,brightness,1,92.21,3.4464076060056694
cgt_isocal,1,brightness,1,92.25,4.610314462780953
sicl_isocal,1,brightness,1,91.979996,1.5282460057735443
eata,1,brightness,1,91.81,4.571882012188435
sar,1,brightness,1,91.21,4.320652045011521
source,1,brightness,2,93.03,3.5837144967913623
tent,1,brightness,2,91.88,5.106804324686527
tent_temp,1,brightness,2,92.119995,2.2810505481064323
sicl,1,brightness,2,92.07,3.385470556914806
cgt_isocal,1,brightness,2,92.21,4.797783055007458
sicl_isocal,1,brightness,2,92.369995,2.205903268828988
eata,1,brightness,2,91.85,4.559951372742653
sar,1,brightness,2,91.08,4.469937157481908
source,1,contrast,0,91.92,4.1954713945090765
tent,1,contrast,0,91.759995,5.094083196818828
tent_temp,1,contrast,0,92.009995,2.1429119288921354
sicl,1,contrast,0,91.869995,3.7503106036782268
cgt_isocal,1,contrast,0,91.84,4.75432671636343
sicl_isocal,1,contrast,0,91.979996,2.063497393354773
eata,1,contrast,0,91.54,4.587100324481725
sar,1,contrast,0,90.72,4.41241027891636
source,1,contrast,1,91.92,4.195466381758452
tent,1,contrast,1,91.6,5.24685787409544
tent_temp,1,contrast,1,91.88,2.2319449481368063
sicl,1,contrast,1,91.82,3.567500124275684
cgt_isocal,1,contrast,1,91.799995,5.170849889814853
sicl_isocal,1,contrast,1,91.99,1.9744742041826246
eata,1,contrast,1,91.59,4.639557151198388
sar,1,contrast,1,90.92,4.251210946887732
source,1,contrast,2,91.92,4.195471060127019
tent,1,contrast,2,91.979996,4.929798205792904
tent_temp,1,contrast,2,91.6,2.495866399258375
sicl,1,contrast,2,91.56,3.7309383606910704
cgt_isocal,1,contrast,2,92.049995,4.793164845705032
sicl_isocal,1,contrast,2,91.619995,1.9450572371855375
eata,1,contrast,2,91.49,4.667467976212501
sar,1,contrast,2,91.049995,4.1372187495231625
source,1,elastic_transform,0,87.37,6.626489620655775
tent,1,elastic_transform,0,88.58,7.133353296816349
tent_temp,1,elastic_transform,0,88.810005,3.5052279788255687
sicl,1,elastic_transform,0,88.41,4.7834373953938485
cgt_isocal,1,elastic_transform,0,88.4,6.487728013694287
sicl_isocal,1,elastic_transform,0,88.4,2.682568111121655
eata,1,elastic_transform,0,87.92,7.027306773364544
sar,1,elastic_transform,0,86.92,6.851045938581228
source,1,elastic_transform,1,87.37,6.626494181603193
tent,1,elastic_transform,1,88.31,7.3492807212471964
tent_temp,1,elastic_transform,1,88.74,3.3740593367815013
sicl,1,elastic_transform,1,88.62,5.265155358612537
cgt_isocal,1,elastic_transform,1,88.16,6.748840506076813
sicl_isocal,1,elastic_transform,1,88.3,2.6749241812527176
eata,1,elastic_transform,1,87.73,7.21287369042635
sar,1,elastic_transform,1,87.08,6.789441013038158
source,1,elastic_transform,2,87.37,6.626494612544775
tent,1,elastic_transform,2,88.31,7.346517184227705
tent_temp,1,elastic_transform,2,88.090004,3.8629317151010034
sicl,1,elastic_transform,2,88.28,4.704689568728209
cgt_isocal,1,elastic_transform,2,88.83,5.906094276607036
sicl_isocal,1,elastic_transform,2,88.42,2.8175731095671654
eata,1,elastic_transform,2,87.66,7.3264710351824744
sar,1,elastic_transform,2,87.0,6.8247860704362395
source,1,pixelate,0,90.07,5.104513128697872
tent,1,pixelate,0,90.6,5.70232360124588
tent_temp,1,pixelate,0,90.71,2.512890616208315
sicl,1,pixelate,0,90.36,4.1390606601536275
cgt_isocal,1,pixelate,0,90.56,5.115430349707604
sicl_isocal,1,pixelate,0,90.76,2.835463129878044
eata,1,pixelate,0,90.41,5.245055003911257
sar,1,pixelate,0,89.170006,5.463457969874144
source,1,pixelate,1,90.07,5.104513292610646
tent,1,pixelate,1,90.14,6.293386601805687
tent_temp,1,pixelate,1,90.59,2.7597799435257913
sicl,1,pixelate,1,90.55,4.034529953897
cgt_isocal,1,pixelate,1,90.36,5.241420483589172
sicl_isocal,1,pixelate,1,90.7,2.4034521870315073
eata,1,pixelate,1,90.100006,5.448632203638554
sar,1,pixelate,1,89.33,5.262210772186518
source,1,pixelate,2,90.07,5.104513550400734
tent,1,pixelate,2,90.81,5.5091180126369
tent_temp,1,pixelate,2,90.56,2.742179774940014
sicl,1,pixelate,2,90.44,4.120782689154148
cgt_isocal,1,pixelate,2,90.63,5.269039926230907
sicl_isocal,1,pixelate,2,90.3,2.150985094457865
eata,1,pixelate,2,90.0,5.720672363638878
sar,1,pixelate,2,89.490005,5.165624026954174
source,1,jpeg_compression,0,84.41,8.561484428048134
tent,1,jpeg_compression,0,85.5,9.462418473511935
tent_temp,1,jpeg_compression,0,86.11,4.98500537931919
sicl,1,jpeg_compression,0,85.549995,5.25640792042017
cgt_isocal,1,jpeg_compression,0,85.95,7.217982749640941
sicl_isocal,1,jpeg_compression,0,86.07,3.654981208741665
eata,1,jpeg_compression,0,84.59,9.315383888483048
sar,1,jpeg_compression,0,83.62,8.933654381930827
source,1,jpeg_compression,1,84.41,8.561489219963551
tent,1,jpeg_compression,1,85.59,9.170846089124678
tent_temp,1,jpeg_compression,1,85.72,5.235557812452317
sicl,1,jpeg_compression,1,85.85,5.555156230479478
cgt_isocal,1,jpeg_compression,1,85.479996,7.449144329428672
sicl_isocal,1,jpeg_compression,1,85.99,3.1069898706674577
eata,1,jpeg_compression,1,84.71,9.288749738484622
sar,1,jpeg_compression,1,83.600006,8.996829391866923
source,1,jpeg_compression,2,84.41,8.561484182924033
tent,1,jpeg_compression,2,85.399994,9.481508291065694
tent_temp,1,jpeg_compression,2,85.869995,5.082099447399378
sicl,1,jpeg_compression,2,85.479996,5.746876251846552
cgt_isocal,1,jpeg_compression,2,85.75,7.537871481478215
sicl_isocal,1,jpeg_compression,2,85.95,3.425768244713545
eata,1,jpeg_compression,2,84.88,9.211440413743258
sar,1,jpeg_compression,2,83.57,9.147913464307786
source,2,gaussian_noise,0,52.170002,34.100390476584444
tent,2,gaussian_noise,0,82.22,11.673560057878497
tent_temp,2,gaussian_noise,0,81.9,7.387524300515652
sicl,2,gaussian_noise,0,82.42,6.403281116038562
cgt_isocal,2,gaussian_noise,0,82.12,7.755382753014565
sicl_isocal,2,gaussian_noise,0,81.24,3.744904647767543
eata,2,gaussian_noise,0,79.86,12.63599524706602
sar,2,gaussian_noise,0,78.03,12.682268782407046
source,2,gaussian_noise,1,52.170002,34.100390212982894
tent,2,gaussian_noise,1,82.22,11.649784839749337
tent_temp,2,gaussian_noise,1,82.17,7.239604926854371
sicl,2,gaussian_noise,1,82.08,6.2593739660084236
cgt_isocal,2,gaussian_noise,1,82.37,8.118213043808938
sicl_isocal,2,gaussian_noise,1,82.39,4.331887490078808
eata,2,gaussian_noise,1,79.479996,13.009992346018553
sar,2,gaussian_noise,1,78.09,12.65387272849679
source,2,gaussian_noise,2,52.170002,34.100390254855164
tent,2,gaussian_noise,2,82.340004,11.652814141511918
tent_temp,2,gaussian_noise,2,82.11,7.196865078061819
sicl,2,gaussian_noise,2,81.97,6.165466893464328
cgt_isocal,2,gaussian_noise,2,82.24,7.977885516583918
sicl_isocal,2,gaussian_noise,2,81.6,3.550508856475353
eata,2,gaussian_noise,2,79.45,13.118141116946935
sar,2,gaussian_noise,2,78.35,12.23773892700672
source,2,shot_noise,0,72.74,16.46122244864702
tent,2,shot_noise,0,86.31,8.87621445775032
tent_temp,2,shot_noise,0,86.729996,4.745004190951586
sicl,2,shot_noise,0,86.44,5.246718739569187
cgt_isocal,2,shot_noise,0,87.33,5.8852749070525165
sicl_isocal,2,shot_noise,0,87.14,3.5412972901761535
eata,2,shot_noise,0,85.159996,9.002505604624748
sar,2,shot_noise,0,83.880005,8.73260146304965
source,2,shot_noise,1,72.74,16.461226060986515
tent,2,shot_noise,1,86.229996,8.755665113329888
tent_temp,2,shot_noise,1,87.17,4.240270885974169
sicl,2,shot_noise,1,86.83,5.207500608265399
cgt_isocal,2,shot_noise,1,86.88,5.979687924087048
sicl_isocal,2,shot_noise,1,86.619995,3.60043910458684
eata,2,shot_noise,1,85.149994,9.030762106478214
sar,2,shot_noise,1,83.670006,8.953519990891218
source,2,shot_noise,2,72.74,16.46122310459614
tent,2,shot_noise,2,87.48,7.71017956405878
tent_temp,2,shot_noise,2,86.54,4.675952393263579
sicl,2,shot_noise,2,86.79,5.280155763924121
cgt_isocal,2,shot_noise,2,86.68,6.719290198981762
sicl_isocal,2,shot_noise,2,87.07,3.4341681182757022
eata,2,shot_noise,2,85.159996,8.995792225450277
sar,2,shot_noise,2,83.82,8.787265067398549
source,2,impulse_noise,0,70.8,18.690651492476462
tent,2,impulse_noise,0,83.630005,10.680879286527635
tent_temp,2,impulse_noise,0,83.69,6.48525752261281
sicl,2,impulse_noise,0,83.630005,6.610625616908074
cgt_isocal,2,impulse_noise,0,83.69,7.8596810516715045
sicl_isocal,2,impulse_noise,0,83.740005,4.207395085543395
eata,2,impulse_noise,0,81.75,11.37365212649107
sar,2,impulse_noise,0,80.299995,11.151523516476155
source,2,impulse_noise,1,70.8,18.690651794075965
tent,2,impulse_noise,1,83.4,10.802118437588215
tent_temp,2,impulse_noise,1,84.18,5.678271147608757
sicl,2,impulse_noise,1,83.200005,6.233749971389771
cgt_isocal,2,impulse_noise,1,84.18,7.568266679048538
sicl_isocal,2,impulse_noise,1,83.380005,4.116025396734476
eata,2,impulse_noise,1,82.16,11.121795795559883
sar,2,impulse_noise,1,80.52,10.870758516937496
source,2,impulse_noise,2,70.8,18.69065178513527
tent,2,impulse_noise,2,83.64,10.691301198005675
tent_temp,2,impulse_noise,2,83.39,6.593765027821064
sicl,2,impulse_noise,2,83.92,6.741874698400496
cgt_isocal,2,impulse_noise,2,84.03,7.301688522398472
sicl_isocal,2,impulse_noise,2,83.39,4.191871809959411
eata,2,impulse_noise,2,82.0,11.133325908333063
sar,2,impulse_noise,2,80.32,11.055178917050362
source,2,defocus_blur,0,91.24,4.56099194675684
tent,2,defocus_blur,0,92.02,5.012797932177781
tent_temp,2,defocus_blur,0,92.229996,1.9801408329606058
sicl,2,defocus_blur,0,91.93,3.540154958963394
cgt_isocal,2,defocus_blur,0,92.2,4.772238864302635
sicl_isocal,2,defocus_blur,0,92.079994,2.1615473717451095
eata,2,defocus_blur,0,91.7,4.595431810617447
sar,2,defocus_blur,0,91.09,4.380051040500402
source,2,defocus_blur,1,91.24,4.560981911420822
tent,2,defocus_blur,1,91.92,4.926815519034863
tent_temp,2,defocus_blur,1,92.0,2.197640449106693
sicl,2,defocus_blur,1,92.049995,3.084687321186066
cgt_isocal,2,defocus_blur,1,92.02,4.8481434381008155
sicl_isocal,2,defocus_blur,1,91.93,1.8611464543640617
eata,2,defocus_blur,1,91.7,4.609648756533861
sar,2,defocus_blur,1,91.049995,4.448294115513564
source,2,defocus_blur,2,91.24,4.560981893837452
tent,2,defocus_blur,2,91.97,5.083062967658043
tent_temp,2,defocus_blur,2,91.909996,2.2861511734128
sicl,2,defocus_blur,2,91.89,3.5557818448543546
cgt_isocal,2,defocus_blur,2,92.159996,4.661553876399995
sicl_isocal,2,defocus_blur,2,92.32,2.2950294372811912
eata,2,defocus_blur,2,91.72,4.616224099397659
sar,2,defocus_blur,2,91.17,4.297296621501445
source,2,glass_blur,0,45.25,38.77772079467774
tent,2,glass_blur,0,75.69,16.27865657404065
tent_temp,2,glass_blur,0,75.26,11.372314966470004
sicl,2,glass_blur,0,75.75,8.77015537649393
cgt_isocal,2,glass_blur,0,75.72,10.833549231290817
sicl_isocal,2,glass_blur,0,75.25,5.051706628799439
eata,2,glass_blur,0,71.8,18.641639679670334
sar,2,glass_blur,0,71.3,17.17044966802001
source,2,glass_blur,1,45.25,38.77772114396095
tent,2,glass_blur,1,75.6,16.55337394505739
tent_temp,2,glass_blur,1,75.66,11.179913199245929
sicl,2,glass_blur,1,75.27,8.992186418026686
cgt_isocal,2,glass_blur,1,75.24,11.687708341181278
sicl_isocal,2,glass_blur,1,74.15,5.819558022320271
eata,2,glass_blur,1,72.509995,17.980794735848903
sar,2,glass_blur,1,71.33,17.30537135452032
source,2,glass_blur,2,45.25,38.77772102043033
tent,2,glass_blur,2,75.24,16.850855822861195
tent_temp,2,glass_blur,2,75.98,10.775416021794083
sicl,2,glass_blur,2,74.9,8.68109381467104
cgt_isocal,2,glass_blur,2,75.31,11.633786052465439
sicl_isocal,2,glass_blur,2,76.23,5.139068596884608
eata,2,glass_blur,2,72.52,18.02662453085184
sar,2,glass_blur,2,71.16,17.43199372753501
source,2,motion_blur,0,76.82,13.753447194099428
tent,2,motion_blur,0,89.310005,6.583137393742799
tent_temp,2,motion_blur,0,88.950005,3.620330410003662
sicl,2,motion_blur,0,89.08,4.519998967945575
cgt_isocal,2,motion_blur,0,88.92,6.095618531703948
sicl_isocal,2,motion_blur,0,89.020004,2.589708934128285
eata,2,motion_blur,0,88.57,6.77596204996109
sar,2,motion_blur,0,87.78,6.487624572366476
source,2,motion_blur,1,76.82,13.753446737229824
tent,2,motion_blur,1,88.630005,7.404003380537033
tent_temp,2,motion_blur,1,88.880005,3.565612799227238
sicl,2,motion_blur,1,89.15,4.603280732482671
cgt_isocal,2,motion_blur,1,88.96,5.833923191130161
sicl_isocal,2,motion_blur,1,88.89,3.0329011729359623
eata,2,motion_blur,1,88.270004,7.061806071251631
sar,2,motion_blur,1,87.72,6.36467736825347
source,2,motion_blur,2,76.82,13.753445843756202
tent,2,motion_blur,2,89.240005,6.803481543064118
tent_temp,2,motion_blur,2,89.03,3.379083186686039
sicl,2,motion_blur,2,89.01,4.715781840831042
cgt_isocal,2,motion_blur,2,89.21,6.110587338209153
sicl_isocal,2,motion_blur,2,89.490005,2.940309563279152
eata,2,motion_blur,2,88.25,6.915398910939693
sar,2,motion_blur,2,87.74,6.4280419459939
source,2,zoom_blur,0,79.329994,11.78331286534667
tent,2,zoom_blur,0,90.63,5.7599282816052435
tent_temp,2,zoom_blur,0,90.520004,2.659834302663803
sicl,2,zoom_blur,0,90.340004,4.114060629755259
cgt_isocal,2,zoom_blur,0,90.39,5.60874522536993
sicl_isocal,2,zoom_blur,0,90.44,2.6168384211510425
eata,2,zoom_blur,0,89.86,5.700186461210251
sar,2,zoom_blur,0,89.11,5.722253084480762
source,2,zoom_blur,1,79.329994,11.783305128365756
tent,2,zoom_blur,1,90.07,6.217854860126972
tent_temp,2,zoom_blur,1,90.11,2.8446731403470045
sicl,2,zoom_blur,1,90.43,4.319998876899481
cgt_isocal,2,zoom_blur,1,90.060005,5.853083105683327
sicl_isocal,2,zoom_blur,1,89.86,2.5485320727527143
eata,2,zoom_blur,1,89.950005,5.708442768603564
sar,2,zoom_blur,1,89.270004,5.4627976724505425
source,2,zoom_blur,2,79.329994,11.783308799415826
tent,2,zoom_blur,2,90.729996,5.672736212015152
tent_temp,2,zoom_blur,2,90.05,3.055116428583861
sicl,2,zoom_blur,2,89.89,4.177654204666615
cgt_isocal,2,zoom_blur,2,90.35,5.562581045925617
sicl_isocal,2,zoom_blur,2,90.29,2.665150857567787
eata,2,zoom_blur,2,90.100006,5.539486703127623
sar,2,zoom_blur,2,89.36,5.3912079760432245
source,2,snow,0,74.15,15.581147526055576
tent,2,snow,0,84.020004,10.627171688675881
tent_temp,2,snow,0,84.15,6.304216015785932
sicl,2,snow,0,83.47,6.024844421446323
cgt_isocal,2,snow,0,84.75,8.035737434923648
sicl_isocal,2,snow,0,84.18,4.187139057517052
eata,2,snow,0,82.04,11.201546529531479
sar,2,snow,0,80.33,11.417543405741453
source,2,snow,1,74.15,15.581147567182779
tent,2,snow,1,84.1,10.558208875358105
tent_temp,2,snow,1,84.28,5.854698940515518
sicl,2,snow,1,83.630005,5.952032632231713
cgt_isocal,2,snow,1,84.29,8.60368575900793
sicl_isocal,2,snow,1,84.12,4.152647312879563
eata,2,snow,1,82.47,10.924732730984687
sar,2,snow,1,80.659996,11.091893639862537
source,2,snow,2,74.15,15.581147713810207
tent,2,snow,2,84.32,10.271794432550669
tent_temp,2,snow,2,83.76,6.452670716196299
sicl,2,snow,2,84.270004,6.3262503698468215
cgt_isocal,2,snow,2,84.34,8.52116119891405
sicl_isocal,2,snow,2,84.05,3.9652883554995055
eata,2,snow,2,82.21,11.227914462685584
sar,2,snow,2,80.67,11.08659880116582
source,2,frost,0,80.77,10.91009954586625
tent,2,frost,0,86.79,8.558403230011463
tent_temp,2,frost,0,86.5,5.078313422501086
sicl,2,frost,0,86.09,5.382498176246882
cgt_isocal,2,frost,0,86.45,7.358101703226566
sicl_isocal,2,frost,0,86.549995,3.516078950762748
eata,2,frost,0,85.619995,8.810904895365237
sar,2,frost,0,84.56,8.36611084908247
source,2,frost,1,80.77,10.910098256319761
tent,2,frost,1,86.17,8.99157641619444
tent_temp,2,frost,1,86.22,5.1836589103937145
sicl,2,frost,1,86.6,5.18749929189682
cgt_isocal,2,frost,1,86.26,7.315953179299832
sicl_isocal,2,frost,1,86.72,3.340503597557544
eata,2,frost,1,85.39,8.86541444092989
sar,2,frost,1,84.18,8.580387238562107
source,2,frost,2,80.77,10.910099309235811
tent,2,frost,2,86.189995,9.048591172248125
tent_temp,2,frost,2,86.63,4.876773158311844
sicl,2,frost,2,86.84,5.163438807725907
cgt_isocal,2,frost,2,86.159996,7.920134730041027
sicl_isocal,2,frost,2,86.47,3.624327852576971
eata,2,frost,2,85.2,8.96923530355096
sar,2,frost,2,84.19,8.615467554926873
source,2,fog,0,90.5,4.995900266617537
tent,2,fog,0,91.909996,4.85660608291626
tent_temp,2,fog,0,91.7,2.180012193322182
sicl,2,fog,0,91.89,3.7162482510507107
cgt_isocal,2,fog,0,91.799995,4.73347618162632
sicl_isocal,2,fog,0,91.46999,2.357272922694683
eata,2,fog,0,91.07,4.935539752244949
sar,2,fog,0,90.66,4.645605210214853
source,2,fog,1,90.5,4.995900255888701
tent,2,fog,1,91.619995,5.238469372540712
tent_temp,2,fog,1,91.68,2.3313668173551556
sicl,2,fog,1,91.68,3.4803135067224504
cgt_isocal,2,fog,1,91.54,5.068220812678337
sicl_isocal,2,fog,1,91.619995,2.143403230458498
eata,2,fog,1,91.22,4.830112288892269
sar,2,fog,1,90.86,4.304411808550358
source,2,fog,2,90.5,4.995900153964758
tent,2,fog,2,91.43,5.271090441048146
tent_temp,2,fog,2,91.49,2.4668118968606
sicl,2,fog,2,91.81,3.8376578587293624
cgt_isocal,2,fog,2,91.439995,5.274747412800789
sicl_isocal,2,fog,2,91.32,2.201671717762947
eata,2,fog,2,91.43,4.647965786457061
sar,2,fog,2,90.66,4.445387871563435
source,2,brightness,0,92.69,3.770700343549252
tent,2,brightness,0,92.049995,4.843260983377695
tent_temp,2,brightness,0,91.82,2.3260883206129077
sicl,2,brightness,0,92.25,3.7626586119830607
cgt_isocal,2,brightness,0,92.18,4.430740599036217
sicl_isocal,2,brightness,0,92.159996,1.8408814044296742
eata,2,brightness,0,91.549995,4.764143490940333
sar,2,brightness,0,90.84,4.505363200753927
source,2,brightness,1,92.69,3.770700542628765
tent,2,brightness,1,91.6,5.259889873415231
tent_temp,2,brightness,1,92.299995,2.0065861892700196
sicl,2,brightness,1,92.1,3.3909367957711227
cgt_isocal,2,brightness,1,92.33,4.406833965778351
sicl_isocal,2,brightness,1,91.85,1.86510090559721
eata,2,brightness,1,91.7,4.594006277620792
sar,2,brightness,1,91.049995,4.321506761759519
source,2,brightness,2,92.69,3.770700296461582
tent,2,brightness,2,91.79,5.154470943808556
tent_temp,2,brightness,2,91.979996,2.239224650412798
sicl,2,brightness,2,91.93,3.7396866787970064
cgt_isocal,2,brightness,2,92.0,4.983977341651916
sicl_isocal,2,brightness,2,92.369995,1.9484811007976535
eata,2,brightness,2,91.74,4.586262745112181
sar,2,brightness,2,90.979996,4.34964658677578
source,2,contrast,0,86.13,7.7728176485002045
tent,2,contrast,0,90.37,6.282726653069258
tent_temp,2,contrast,0,90.95,2.751068126112223
sicl,2,contrast,0,90.48,3.9962511852383615
cgt_isocal,2,contrast,0,90.130005,6.490946915149689
sicl_isocal,2,contrast,0,90.45,2.2834358809888364
eata,2,contrast,0,90.01,5.63694021165371
sar,2,contrast,0,89.32,4.9562650164961815
source,2,contrast,1,86.13,7.772817230969667
tent,2,contrast,1,90.03,6.506853582262993
tent_temp,2,contrast,1,89.39,4.2765124598145485
sicl,2,contrast,1,90.520004,4.5076555916666985
cgt_isocal,2,contrast,1,90.47,6.218904139995575
sicl_isocal,2,contrast,1,90.4,2.680587632805109
eata,2,contrast,1,89.97,5.675609536767006
sar,2,contrast,1,89.57,4.7687540639936925
source,2,contrast,2,86.13,7.772816893905402
tent,2,contrast,2,91.07,5.562088368982076
tent_temp,2,contrast,2,90.59,3.089158793985843
sicl,2,contrast,2,90.75,4.0248440200090405
cgt_isocal,2,contrast,2,89.04,7.349763318002224
sicl_isocal,2,contrast,2,90.04,2.5348705217242236
eata,2,contrast,2,89.54,6.411748587042093
sar,2,contrast,2,89.270004,4.95156788378954
source,2,elastic_transform,0,86.99,7.086332707852125
tent,2,elastic_transform,0,89.18,6.714909112602473
tent_temp,2,elastic_transform,0,89.03,3.405205827355385
sicl,2,elastic_transform,0,89.18,4.223907426148653
cgt_isocal,2,elastic_transform,0,88.79,6.102705793082714
sicl_isocal,2,elastic_transform,0,89.0,2.9296712420880793
eata,2,elastic_transform,0,88.380005,6.766869786083698
sar,2,elastic_transform,0,87.77,6.461336342990398
source,2,elastic_transform,1,86.99,7.086332680433989
tent,2,elastic_transform,1,88.61,7.2603297428786755
tent_temp,2,elastic_transform,1,89.240005,3.1827165263891217
sicl,2,elastic_transform,1,89.22,4.9192187568545345
cgt_isocal,2,elastic_transform,1,88.91,6.373419544398784
sicl_isocal,2,elastic_transform,1,89.26,2.890734817609191
eata,2,elastic_transform,1,88.28,6.9461271652579315
sar,2,elastic_transform,1,87.79,6.366439612209798
source,2,elastic_transform,2,86.99,7.086332615166903
tent,2,elastic_transform,2,89.08,6.862014458477497
tent_temp,2,elastic_transform,2,88.71,3.687376729846001
sicl,2,elastic_transform,2,88.700005,4.412188901603222
cgt_isocal,2,elastic_transform,2,88.64,6.340367634594441
sicl_isocal,2,elastic_transform,2,88.8,3.278161187320947
eata,2,elastic_transform,2,88.46,6.869860346317291
sar,2,elastic_transform,2,87.840004,6.319329660236836
source,2,pixelate,0,83.94,8.577161415517331
tent,2,pixelate,0,88.55,7.0869181099534035
tent_temp,2,pixelate,0,89.020004,3.4650948815047737
sicl,2,pixelate,0,88.94,4.696095543503761
cgt_isocal,2,pixelate,0,89.04,6.06548302769661
sicl_isocal,2,pixelate,0,89.4,2.9168393766880034
eata,2,pixelate,0,87.69,7.2161070519685735
sar,2,pixelate,0,87.13,6.7874854548275465
source,2,pixelate,1,83.94,8.577156649827957
tent,2,pixelate,1,88.48,7.265700336396693
tent_temp,2,pixelate,1,88.840004,3.467981350123882
sicl,2,pixelate,1,88.54,4.452500349730252
cgt_isocal,2,pixelate,1,88.92,5.659550293684005
sicl_isocal,2,pixelate,1,88.64,2.1145900586247444
eata,2,pixelate,1,88.1,6.836125107109547
sar,2,pixelate,1,86.95,6.917703011333942
source,2,pixelate,2,83.94,8.577161622643471
tent,2,pixelate,2,88.49,7.189335357099772
tent_temp,2,pixelate,2,88.82,3.5012088385224343
sicl,2,pixelate,2,88.92,4.934529587924481
cgt_isocal,2,pixelate,2,88.85,5.890315997898579
sicl_isocal,2,pixelate,2,88.82,2.736125595271587
eata,2,pixelate,2,87.85,7.268050214797259
sar,2,pixelate,2,86.83,6.897476571500301
source,2,jpeg_compression,0,79.229996,11.510749293714762
tent,2,jpeg_compression,0,81.770004,12.000800514519213
tent_temp,2,jpeg_compression,0,82.04,7.149537862241267
sicl,2,jpeg_compression,0,81.57,6.661250091940165
cgt_isocal,2,jpeg_compression,0,82.0,8.560534899830818
sicl_isocal,2,jpeg_compression,0,82.37,4.2606037102639664
eata,2,jpeg_compression,0,79.88,12.453340054303407
sar,2,jpeg_compression,0,78.28,12.484612976461648
source,2,jpeg_compression,1,79.229996,11.510749755650759
tent,2,jpeg_compression,1,81.89,11.785155959278345
tent_temp,2,jpeg_compression,1,81.66,7.467930611968041
sicl,2,jpeg_compression,1,82.020004,6.681719498783351
cgt_isocal,2,jpeg_compression,1,82.04,9.28068351238966
sicl_isocal,2,jpeg_compression,1,81.950005,3.787181379944086
eata,2,jpeg_compression,1,79.68,12.6966197244823
sar,2,jpeg_compression,1,78.03,12.643327467143534
source,2,jpeg_compression,2,79.229996,11.510749770253897
tent,2,jpeg_compression,2,82.41,11.42501832664013
tent_temp,2,jpeg_compression,2,82.270004,6.863887061774731
sicl,2,jpeg_compression,2,81.57,6.442186289280653
cgt_isocal,2,jpeg_compression,2,82.11,8.701720350682736
sicl_isocal,2,jpeg_compression,2,82.340004,4.151097197979689
eata,2,jpeg_compression,2,79.96,12.45343623906374
sar,2,jpeg_compression,2,78.13,12.528534203767776
source,3,gaussian_noise,0,32.24,54.37398149654269
tent,3,gaussian_noise,0,78.77,14.156884442269801
tent_temp,3,gaussian_noise,0,77.29,10.312599299550056
sicl,3,gaussian_noise,0,77.95,8.16125026792288
cgt_isocal,3,gaussian_noise,0,77.65,9.163582556545736
sicl_isocal,3,gaussian_noise,0,77.97,4.208211634457111
eata,3,gaussian_noise,0,74.57,16.58080727413297
sar,3,gaussian_noise,0,73.009995,15.985150285959243
source,3,gaussian_noise,1,32.24,54.37398635044695
tent,3,gaussian_noise,1,77.15,15.571043112576008
tent_temp,3,gaussian_noise,1,77.770004,9.93040295511484
sicl,3,gaussian_noise,1,78.21,8.312499063909055
cgt_isocal,3,gaussian_noise,1,78.16,8.851952596306802
sicl_isocal,3,gaussian_noise,1,77.75,4.425291693359614
eata,3,gaussian_noise,1,75.02,16.14495454892516
sar,3,gaussian_noise,1,73.11,15.819462123811245
source,3,gaussian_noise,2,32.24,54.37398110672831
tent,3,gaussian_noise,2,77.58,15.016038078814745
tent_temp,3,gaussian_noise,2,77.81,9.636407932639122
sicl,3,gaussian_noise,2,77.740005,8.129375230371952
cgt_isocal,3,gaussian_noise,2,77.75,9.480827848911286
sicl_isocal,3,gaussian_noise,2,78.03,4.652638479918242
eata,3,gaussian_noise,2,74.74,16.36286034181714
sar,3,gaussian_noise,2,73.03,15.957071860432626
source,3,shot_noise,0,46.85,39.316265479028225
tent,3,shot_noise,0,79.95,13.564714173674583
tent_temp,3,shot_noise,0,80.28,8.554282431751489
sicl,3,shot_noise,0,80.54,6.873593681901692
cgt_isocal,3,shot_noise,0,79.59,8.876472863554955
sicl_isocal,3,shot_noise,0,80.56,4.654019283801317
eata,3,shot_noise,0,76.93,15.286663109958171
sar,3,shot_noise,0,75.39,14.883458471000194
source,3,shot_noise,1,46.85,39.316265479028225
tent,3,shot_noise,1,79.77,13.83654888480902
tent_temp,3,shot_noise,1,80.09,8.600709919333458
sicl,3,shot_noise,1,80.93,6.72218710899353
cgt_isocal,3,shot_noise,1,80.09,8.680976682305335
sicl_isocal,3,shot_noise,1,80.02,3.8336313562095166
eata,3,shot_noise,1,77.44,14.647669275104999
sar,3,shot_noise,1,75.47,14.712239591777324
source,3,shot_noise,2,46.85,39.31626404851675
tent,3,shot_noise,2,80.06,13.426740137338639
tent_temp,3,shot_noise,2,80.0,8.846173174008728
sicl,3,shot_noise,2,79.479996,6.500625606030226
cgt_isocal,3,shot_noise,2,80.01,8.508978546857835
sicl_isocal,3,shot_noise,2,80.4,4.364143061041832
eata,3,shot_noise,2,77.62,14.508933999240398
sar,3,shot_noise,2,75.37,14.84138011291623
source,3,impulse_noise,0,58.569996,27.92590346843004
tent,3,impulse_noise,0,79.6,13.684877452254296
tent_temp,3,impulse_noise,0,80.17,8.377472132742406
sicl,3,impulse_noise,0,79.67,6.834531975239516
cgt_isocal,3,impulse_noise,0,80.0,8.13763824403286
sicl_isocal,3,impulse_noise,0,79.89,4.984428461641073
eata,3,impulse_noise,0,77.12,14.768719150274991
sar,3,impulse_noise,0,75.16,14.81159645333886
source,3,impulse_noise,1,58.569996,27.925897105634213
tent,3,impulse_noise,1,80.229996,13.113247949033976
tent_temp,3,impulse_noise,1,78.979996,9.209687520563604
sicl,3,impulse_noise,1,79.99,6.916407385766507
cgt_isocal,3,impulse_noise,1,79.07,9.32866402566433
sicl_isocal,3,impulse_noise,1,79.909996,4.299301510751247
eata,3,impulse_noise,1,77.55,14.330633503347634
sar,3,impulse_noise,1,75.2,14.576969412863255
source,3,impulse_noise,2,58.569996,27.92590365618467
tent,3,impulse_noise,2,79.25,13.860322433561088
tent_temp,3,impulse_noise,2,79.52,8.819641208201649
sicl,3,impulse_noise,2,80.06,6.891563163995743
cgt_isocal,3,impulse_noise,2,79.65,9.134891309142114
sicl_isocal,3,impulse_noise,2,80.15,4.538888157829643
eata,3,impulse_noise,2,77.04,14.774897763729095
sar,3,impulse_noise,2,75.0,14.942116180211308
source,3,defocus_blur,0,83.78,9.368331106752157
tent,3,defocus_blur,0,91.869995,5.014302934110164
tent_temp,3,defocus_blur,0,92.03,2.147801955640316
sicl,3,defocus_blur,0,91.579994,3.4326559537649155
cgt_isocal,3,defocus_blur,0,91.95,4.828040470480919
sicl_isocal,3,defocus_blur,0,91.92,2.1894699907302853
eata,3,defocus_blur,0,91.25,4.922193087488413
sar,3,defocus_blur,0,90.53,4.728799492418766
source,3,defocus_blur,1,83.78,9.368331383168698
tent,3,defocus_blur,1,91.72,5.011158715486526
tent_temp,3,defocus_blur,1,91.75,2.2812875178456307
sicl,3,defocus_blur,1,91.68,3.4473432444036
cgt_isocal,3,defocus_blur,1,91.64,5.066141837537288
sicl_isocal,3,defocus_blur,1,91.86,2.1116381473839283
eata,3,defocus_blur,1,91.46999,4.6557704296708105
sar,3,defocus_blur,1,90.64,4.730168074965476
source,3,defocus_blur,2,83.78,9.368331654518844
tent,3,defocus_blur,2,91.67,5.282045565545559
tent_temp,3,defocus_blur,2,91.78,2.3291951934993267
sicl,3,defocus_blur,2,91.52,3.457657026648521
cgt_isocal,3,defocus_blur,2,91.759995,4.932350641191006
sicl_isocal,3,defocus_blur,2,91.79,2.4717359337583185
eata,3,defocus_blur,2,91.2,4.915991519093513
sar,3,defocus_blur,2,90.49,4.727235375642777
source,3,glass_blur,0,49.23,34.76061907932163
tent,3,glass_blur,0,75.38,16.73674025133252
tent_temp,3,glass_blur,0,75.67,11.050361542105675
sicl,3,glass_blur,0,75.83,8.504376687705516
cgt_isocal,3,glass_blur,0,75.840004,11.225622355937958
sicl_isocal,3,glass_blur,0,75.03,5.6309548175334925
eata,3,glass_blur,0,72.97,17.758232847899198
sar,3,glass_blur,0,71.83,16.904224453866483
source,3,glass_blur,1,49.23,34.76061939999461
tent,3,glass_blur,1,75.28,16.94226498633623
tent_temp,3,glass_blur,1,75.68,11.316569447219372
sicl,3,glass_blur,1,75.6,8.631095080077648
cgt_isocal,3,glass_blur,1,75.4,12.151682936549186
sicl_isocal,3,glass_blur,1,76.04,5.8969215336442
eata,3,glass_blur,1,73.54,17.353618648052215
sar,3,glass_blur,1,71.7,17.034232432395218
source,3,glass_blur,2,49.23,34.760619453638796
tent,3,glass_blur,2,74.74,17.412451152801513
tent_temp,3,glass_blur,2,75.06,11.856925916075706
sicl,3,glass_blur,2,74.85,8.92031310915947
cgt_isocal,3,glass_blur,2,75.48,11.993724614083767
sicl_isocal,3,glass_blur,2,75.22,5.292721575424075
eata,3,glass_blur,2,73.49,17.380674591958524
sar,3,glass_blur,2,72.01,16.837881577312945
source,3,motion_blur,0,65.17,22.018927811384202
tent,3,motion_blur,0,87.51,7.935178530961275
tent_temp,3,motion_blur,0,87.14,4.395159591436386
sicl,3,motion_blur,0,87.23,4.7473442731797695
cgt_isocal,3,motion_blur,0,86.87,7.287520178854466
sicl_isocal,3,motion_blur,0,87.44,3.2291372363269324
eata,3,motion_blur,0,86.11,8.377272647917271
sar,3,motion_blur,0,85.5,7.85271263808012
source,3,motion_blur,1,65.17,22.018927473425865
tent,3,motion_blur,1,86.88,8.542808795571327
tent_temp,3,motion_blur,1,87.02,4.444917402565479
sicl,3,motion_blur,1,87.37,5.191563529074192
cgt_isocal,3,motion_blur,1,87.159996,6.868103096485137
sicl_isocal,3,motion_blur,1,87.07,2.981454624980688
eata,3,motion_blur,1,86.49,8.156876583695412
sar,3,motion_blur,1,85.869995,7.529694121778011
source,3,motion_blur,2,65.17,22.01892782598734
tent,3,motion_blur,2,87.6,7.8908396166563035
tent_temp,3,motion_blur,2,87.36,4.2914268958568575
sicl,3,motion_blur,2,86.71,5.4118757139146325
cgt_isocal,3,motion_blur,2,87.5,6.693858418762683
sicl_isocal,3,motion_blur,2,87.36,2.6795721658319236
eata,3,motion_blur,2,86.31,8.260959489494562
sar,3,motion_blur,2,85.67,7.709578852057457
source,3,zoom_blur,0,70.4,18.318191952854395
tent,3,zoom_blur,0,89.73,6.377178420573474
tent_temp,3,zoom_blur,0,89.420006,3.129785907119513
sicl,3,zoom_blur,0,89.41,4.389218405336141
cgt_isocal,3,zoom_blur,0,89.35,5.75577203810215
sicl_isocal,3,zoom_blur,0,89.33,2.476633655875921
eata,3,zoom_blur,0,88.57,6.640112046003341
sar,3,zoom_blur,0,88.200005,6.224011437296868
source,3,zoom_blur,1,70.4,18.31818520858884
tent,3,zoom_blur,1,89.16,6.856860633194446
tent_temp,3,zoom_blur,1,89.270004,3.2363397938013074
sicl,3,zoom_blur,1,89.340004,4.302029889822006
cgt_isocal,3,zoom_blur,1,88.990005,6.157057904303074
sicl_isocal,3,zoom_blur,1,89.020004,2.830334933400154
eata,3,zoom_blur,1,88.71,6.552853900492192
sar,3,zoom_blur,1,88.0,6.2021748143434525
source,3,zoom_blur,2,70.4,18.318192531615495
tent,3,zoom_blur,2,89.86,6.170380596220493
tent_temp,3,zoom_blur,2,89.01,3.6922777627408503
sicl,3,zoom_blur,2,88.78,4.502810849845409
cgt_isocal,3,zoom_blur,2,89.64,5.428525324165821
sicl_isocal,3,zoom_blur,2,89.04,2.7460694541037083
eata,3,zoom_blur,2,88.810005,6.433121583014727
sar,3,zoom_blur,2,88.06,6.3368243962526325
source,3,snow,0,79.25,12.041608556658028
tent,3,snow,0,83.840004,10.715773904621601
tent_temp,3,snow,0,83.770004,6.214695504456759
sicl,3,snow,0,83.340004,6.679998774081468
cgt_isocal,3,snow,0,83.26,8.736157878935337
sicl_isocal,3,snow,0,83.75,3.991107504367829
eata,3,snow,0,82.25,10.976583976745605
sar,3,snow,0,80.93,10.797183692604303
source,3,snow,1,79.25,12.04160882011056
tent,3,snow,1,83.600006,10.83569406852126
tent_temp,3,snow,1,83.36,6.708700175136327
sicl,3,snow,1,83.69,6.35781355023384
cgt_isocal,3,snow,1,83.880005,8.422617956995964
sicl_isocal,3,snow,1,83.43,3.8175657901167863
eata,3,snow,1,82.25,10.976184528172016
sar,3,snow,1,80.88,10.587996096163987
source,3,snow,2,79.25,12.041604603081941
tent,3,snow,2,83.55,10.919261416494846
tent_temp,3,snow,2,83.89,6.595861810445785
sicl,3,snow,2,84.05,6.974061502516269
cgt_isocal,3,snow,2,83.64,8.644739355146886
sicl_isocal,3,snow,2,83.44,4.234357889443636
eata,3,snow,2,82.58,10.525073940455913
sar,3,snow,2,80.93,10.602366390526294
source,3,frost,0,69.08,18.575165510475635
tent,3,frost,0,83.23,11.086907003223896
tent_temp,3,frost,0,82.93,7.067630736678838
sicl,3,frost,0,83.04,5.842812190055848
cgt_isocal,3,frost,0,83.51,8.527419519722462
sicl_isocal,3,frost,0,82.9,3.752053945362568
eata,3,frost,0,81.45,11.465094225406647
sar,3,frost,0,80.229996,10.999898996800185
source,3,frost,1,69.08,18.575165233165023
tent,3,frost,1,82.57,11.586132051944732
tent_temp,3,frost,1,82.64,7.23053537517786
sicl,3,frost,1,83.41,6.004845729470253
cgt_isocal,3,frost,1,83.19,8.592534773349762
sicl_isocal,3,frost,1,83.73,3.3557259011268616
eata,3,frost,1,81.78,11.232738996893165
sar,3,frost,1,80.19,11.08075194299221
source,3,frost,2,69.08,18.575165547430515
tent,3,frost,2,83.03,11.334246372282506
tent_temp,3,frost,2,83.130005,6.913206565529108
sicl,3,frost,2,83.26,6.048123096823692
cgt_isocal,3,frost,2,83.62,8.271225683093071
sicl_isocal,3,frost,2,82.9,3.6885742445290095
eata,3,frost,2,81.52,11.511963133513929
sar,3,frost,2,80.45,10.827456230819225
source,3,fog,0,87.43,6.807913071811199
tent,3,fog,0,90.520004,5.900586059689522
tent_temp,3,fog,0,90.74,2.717867586314678
sicl,3,fog,0,90.35,3.9954698102176187
cgt_isocal,3,fog,0,90.32,5.882911261022091
sicl_isocal,3,fog,0,90.47,2.3096556655317544
eata,3,fog,0,89.990005,5.735673333406448
sar,3,fog,0,89.630005,5.195885706841946
source,3,fog,1,87.43,6.807913045883179
tent,3,fog,1,90.81,5.5723099146783355
tent_temp,3,fog,1,90.47,3.018361552357674
sicl,3,fog,1,90.49,4.1615632599592205
cgt_isocal,3,fog,1,90.340004,5.6798230525851245
sicl_isocal,3,fog,1,90.53,2.844434362724423
eata,3,fog,1,89.97,5.969351765215397
sar,3,fog,1,89.450005,5.433589144051075
source,3,fog,2,87.43,6.807913250029088
tent,3,fog,2,90.41,5.907854948937893
tent_temp,3,fog,2,90.53,2.974326906502247
sicl,3,fog,2,90.45,4.303124301433563
cgt_isocal,3,fog,2,91.06,5.3744482982158654
sicl_isocal,3,fog,2,90.33,2.396355436593294
eata,3,fog,2,90.07,5.725567208230496
sar,3,fog,2,89.28,5.519208616912365
source,3,brightness,0,91.93,4.155248785614968
tent,3,brightness,0,91.399994,5.30973986506462
tent_temp,3,brightness,0,91.68,2.391808254420757
sicl,3,brightness,0,92.1,3.9125021171569823
cgt_isocal,3,brightness,0,91.78,4.986377892494202
sicl_isocal,3,brightness,0,91.79,1.7522673110291362
eata,3,brightness,0,91.13,4.9881005951762205
sar,3,brightness,0,90.3,4.828996259272099
source,3,brightness,1,91.93,4.155248636305332
tent,3,brightness,1,91.509995,5.185204956233501
tent_temp,3,brightness,1,91.78,2.1234393922984602
sicl,3,brightness,1,91.799995,3.525470514893532
cgt_isocal,3,brightness,1,92.0,4.623539202809334
sicl_isocal,3,brightness,1,91.56,2.2372598204016687
eata,3,brightness,1,91.2,4.94699212372303
sar,3,brightness,1,90.59,4.4485738502442835
source,3,brightness,2,91.93,4.155248788297176
tent,3,brightness,2,91.43,5.3816256704926495
tent_temp,3,brightness,2,91.6,2.4108809702098366
sicl,3,brightness,2,91.59,3.471562430262566
cgt_isocal,3,brightness,2,91.829994,4.970795889496803
sicl_isocal,3,brightness,2,92.03,2.472946138083935
eata,3,brightness,2,91.25,4.893697710633278
sar,3,brightness,2,90.53,4.571945525407791
source,3,contrast,0,78.39,12.735046215057372
tent,3,contrast,0,89.740005,6.788941307514906
tent_temp,3,contrast,0,90.0,3.302254983484745
sicl,3,contrast,0,89.98,4.092813369780779
cgt_isocal,3,contrast,0,88.85,7.725719610750676
sicl_isocal,3,contrast,0,89.51,1.7422960552573203
eata,3,contrast,0,88.78,6.8076879735291005
sar,3,contrast,0,88.69,5.069943403601647
source,3,contrast,1,78.39,12.73504240423441
tent,3,contrast,1,88.590004,7.860764819085597
tent_temp,3,contrast,1,87.58,5.929005563408136
sicl,3,contrast,1,89.54,5.000781975984574
cgt_isocal,3,contrast,1,89.29,7.223067900836468
sicl_isocal,3,contrast,1,89.380005,2.2548392708599567
eata,3,contrast,1,89.01,6.5610460819303995
sar,3,contrast,1,88.47,5.403166893124581
source,3,contrast,2,78.39,12.735046132802964
tent,3,contrast,2,89.64,6.8288139370083805
tent_temp,3,contrast,2,88.5,4.934466236531734
sicl,3,contrast,2,89.18,4.94812456265092
cgt_isocal,3,contrast,2,88.94,7.472514430582524
sicl_isocal,3,contrast,2,89.1,3.0765578781068323
eata,3,contrast,2,88.73,6.967212752997876
sar,3,contrast,2,88.35,5.374236699044705
source,3,elastic_transform,0,81.43,10.588110034763812
tent,3,elastic_transform,0,87.65,7.956972041279077
tent_temp,3,elastic_transform,0,88.25,3.7144465817511083
sicl,3,elastic_transform,0,87.62,5.2681251206994055
cgt_isocal,3,elastic_transform,0,87.82,6.7921802276372905
sicl_isocal,3,elastic_transform,0,87.89,3.3285471808910367
eata,3,elastic_transform,0,87.08,7.734022563695908
sar,3,elastic_transform,0,86.49,7.151353615671397
source,3,elastic_transform,1,81.43,10.588114858865739
tent,3,elastic_transform,1,87.840004,7.692802562862634
tent_temp,3,elastic_transform,1,87.91,3.870803748220206
sicl,3,elastic_transform,1,88.22,5.259062055647373
cgt_isocal,3,elastic_transform,1,88.14,6.636089678704739
sicl_isocal,3,elastic_transform,1,87.79,3.6149950602650636
eata,3,elastic_transform,1,87.42,7.384722815752029
sar,3,elastic_transform,1,86.5,6.964944964647294
source,3,elastic_transform,2,81.43,10.588109938204287
tent,3,elastic_transform,2,88.21,7.391616958677768
tent_temp,3,elastic_transform,2,87.42,4.559774073958397
sicl,3,elastic_transform,2,87.96,5.1692201396822925
cgt_isocal,3,elastic_transform,2,88.5,5.994036446213722
sicl_isocal,3,elastic_transform,2,88.01,3.233237236887217
eata,3,elastic_transform,2,87.39,7.35964338377118
sar,3,elastic_transform,2,86.47,7.137421014010906
source,3,pixelate,0,78.78,11.962802437096833
tent,3,pixelate,0,88.270004,7.263385702669621
tent_temp,3,pixelate,0,88.43,3.7467384243011477
sicl,3,pixelate,0,88.16,4.705935999155045
cgt_isocal,3,pixelate,0,88.21,6.462523042559623
sicl_isocal,3,pixelate,0,88.4,3.2897785945981735
eata,3,pixelate,0,86.9,7.729449454545975
sar,3,pixelate,0,86.15,7.350728458464145
source,3,pixelate,1,78.78,11.962803200334312
tent,3,pixelate,1,88.24,7.4034489822387695
tent_temp,3,pixelate,1,87.85,4.060217469632625
sicl,3,pixelate,1,88.25,4.563750059902668
cgt_isocal,3,pixelate,1,88.14,6.380910527706146
sicl_isocal,3,pixelate,1,87.6,2.725057166367769
eata,3,pixelate,1,86.97,7.732686250060797
sar,3,pixelate,1,86.1,7.216462765187027
source,3,pixelate,2,78.78,11.96280213907361
tent,3,pixelate,2,87.86,7.725486630648374
tent_temp,3,pixelate,2,88.12,3.779063196331262
sicl,3,pixelate,2,87.78,4.503281096667052
cgt_isocal,3,pixelate,2,88.07,6.586586684286594
sicl_isocal,3,pixelate,2,88.39,3.436432469934224
eata,3,pixelate,2,87.25,7.628096425235271
sar,3,pixelate,2,86.049995,7.30842855796218
source,3,jpeg_compression,0,77.82,11.945936046540737
tent,3,jpeg_compression,0,80.93,12.46533827036619
tent_temp,3,jpeg_compression,0,80.74,7.54546246483922
sicl,3,jpeg_compression,0,80.34,6.838437686562537
cgt_isocal,3,jpeg_compression,0,80.44,9.53045548349619
sicl_isocal,3,jpeg_compression,0,80.74,4.689690528810024
eata,3,jpeg_compression,0,78.14,13.787180624008178
sar,3,jpeg_compression,0,76.24,13.638363147079946
source,3,jpeg_compression,1,77.82,11.94594359457493
tent,3,jpeg_compression,1,80.79,12.472260911613702
tent_temp,3,jpeg_compression,1,80.02,8.38951719045639
sicl,3,jpeg_compression,1,80.26,6.5382804633677
cgt_isocal,3,jpeg_compression,1,80.17,9.63210521042347
sicl_isocal,3,jpeg_compression,1,80.84,4.306979652643203
eata,3,jpeg_compression,1,78.38,13.339500663131476
sar,3,jpeg_compression,1,76.18,13.80838989943266
source,3,jpeg_compression,2,77.82,11.945944049060344
tent,3,jpeg_compression,2,80.56,12.770726265907289
tent_temp,3,jpeg_compression,2,79.79,8.506475065499544
sicl,3,jpeg_compression,2,79.95,7.109376380443573
cgt_isocal,3,jpeg_compression,2,80.46,9.031799317896365
sicl_isocal,3,jpeg_compression,2,79.799995,4.37504257619381
eata,3,jpeg_compression,2,77.91,13.995364980101584
sar,3,jpeg_compression,2,76.1,13.705057411789895
source,4,gaussian_noise,0,25.619999,61.99242308065295
tent,4,gaussian_noise,0,75.8,16.151593136191366
tent_temp,4,gaussian_noise,0,74.93,11.3826167447865
sicl,4,gaussian_noise,0,74.62,7.2693760766088955
cgt_isocal,4,gaussian_noise,0,75.32,8.60313880354166
sicl_isocal,4,gaussian_noise,0,75.46,5.44424634873867
eata,4,gaussian_noise,0,71.200005,19.07609375670552
sar,4,gaussian_noise,0,69.53,18.52842651471496
source,4,gaussian_noise,1,25.619999,61.99242343559861
tent,4,gaussian_noise,1,74.78,17.084480204433202
tent_temp,4,gaussian_noise,1,74.77,11.731683189570903
sicl,4,gaussian_noise,1,75.29,7.153595215529203
cgt_isocal,4,gaussian_noise,1,75.49,9.817839767634869
sicl_isocal,4,gaussian_noise,1,74.63,5.371592741161584
eata,4,gaussian_noise,1,71.5,18.988656354844572
sar,4,gaussian_noise,1,69.13,18.92284903407097
source,4,gaussian_noise,2,25.619999,61.99242318555712
tent,4,gaussian_noise,2,75.42,16.591063696742058
tent_temp,4,gaussian_noise,2,75.03,11.308238016963005
sicl,4,gaussian_noise,2,75.16,7.258748953193426
cgt_isocal,4,gaussian_noise,2,75.22,9.87906159222126
sicl_isocal,4,gaussian_noise,2,75.22,4.326592022627592
eata,4,gaussian_noise,2,71.55,18.698532268702984
sar,4,gaussian_noise,2,69.39,18.838377468138933
source,4,shot_noise,0,38.100002,48.152744535207745
tent,4,shot_noise,0,78.09,14.751851565539836
tent_temp,4,shot_noise,0,78.72,9.33519776135683
sicl,4,shot_noise,0,78.95,7.218907171487808
cgt_isocal,4,shot_noise,0,78.71,7.584475885033608
sicl_isocal,4,shot_noise,0,79.32,4.27622313670814
eata,4,shot_noise,0,75.58,15.779505323767662
sar,4,shot_noise,0,73.17,15.92479829609394
source,4,shot_noise,1,38.100002,48.15274812847376
tent,4,shot_noise,1,78.64,14.425235664993524
tent_temp,4,shot_noise,1,78.96999,9.134213341474535
sicl,4,shot_noise,1,78.25,6.890939117968083
cgt_isocal,4,shot_noise,1,78.020004,8.526475229561328
sicl_isocal,4,shot_noise,1,78.659996,4.488840136826039
eata,4,shot_noise,1,75.11,16.058786396086216
sar,4,shot_noise,1,73.119995,16.126512576937674
source,4,shot_noise,2,38.100002,48.15274493008852
tent,4,shot_noise,2,78.72,14.013259168863296
tent_temp,4,shot_noise,2,78.99,9.066557249128818
sicl,4,shot_noise,2,79.189995,6.462030559629203
cgt_isocal,4,shot_noise,2,78.85,8.422293430566787
sicl_isocal,4,shot_noise,2,78.689995,4.168052119910717
eata,4,shot_noise,2,75.76,15.659376072287563
sar,4,shot_noise,2,73.11,16.01337884053588
source,4,impulse_noise,0,33.57,51.71660970807075
tent,4,impulse_noise,0,73.049995,18.402301130592825
tent_temp,4,impulse_noise,0,72.34,13.193194536864755
sicl,4,impulse_noise,0,72.32,8.736406857669353
cgt_isocal,4,impulse_noise,0,71.91,10.711478784531353
sicl_isocal,4,impulse_noise,0,71.78,6.621241651326418
eata,4,impulse_noise,0,68.93,20.645908242762086
sar,4,impulse_noise,0,67.17,20.081325770020484
source,4,impulse_noise,1,33.57,51.71660962104797
tent,4,impulse_noise,1,72.24,19.259501986205578
tent_temp,4,impulse_noise,1,72.0,13.310009250491856
sicl,4,impulse_noise,1,71.41,8.676718160659075
cgt_isocal,4,impulse_noise,1,71.93,10.451501492261887
sicl_isocal,4,impulse_noise,1,71.62,5.462897464632988
eata,4,impulse_noise,1,69.01,20.679933699816466
sar,4,impulse_noise,1,66.829994,20.5082261672616
source,4,impulse_noise,2,33.57,51.71660965025424
tent,4,impulse_noise,2,72.07,19.24090589404106
tent_temp,4,impulse_noise,2,71.65,14.129516749829055
sicl,4,impulse_noise,2,72.42,8.281561332046985
cgt_isocal,4,impulse_noise,2,72.579994,10.712531858086583
sicl_isocal,4,impulse_noise,2,72.22,5.723204063177109
eata,4,impulse_noise,2,68.61,21.003312169015405
sar,4,impulse_noise,2,66.939995,20.4228971773386
source,4,defocus_blur,0,69.79,18.93701494887471
tent,4,defocus_blur,0,90.05,6.243743584156036
tent_temp,4,defocus_blur,0,90.43,2.7354045662283895
sicl,4,defocus_blur,0,90.14,4.0445293535292155
cgt_isocal,4,defocus_blur,0,89.75,5.966066395938396
sicl_isocal,4,defocus_blur,0,89.79,2.5885800206661225
eata,4,defocus_blur,0,89.33,6.205346086919308
sar,4,defocus_blur,0,88.72,5.75069951429963
source,4,defocus_blur,1,69.79,18.937014422267676
tent,4,defocus_blur,1,89.850006,6.448514355421067
tent_temp,4,defocus_blur,1,89.850006,3.248777762055397
sicl,4,defocus_blur,1,89.97,4.084374341666699
cgt_isocal,4,defocus_blur,1,89.810005,5.6813751175999645
sicl_isocal,4,defocus_blur,1,89.76,2.4910033494979147
eata,4,defocus_blur,1,89.560005,5.971837195456028
sar,4,defocus_blur,1,88.83,5.658085804581643
source,4,defocus_blur,2,69.79,18.937014743834734
tent,4,defocus_blur,2,90.200005,6.0533404281735415
tent_temp,4,defocus_blur,2,89.98,2.9616295659542082
sicl,4,defocus_blur,2,89.520004,3.890000813603401
cgt_isocal,4,defocus_blur,2,89.87,5.6130715504288675
sicl_isocal,4,defocus_blur,2,89.86,2.5761433391273023
eata,4,defocus_blur,2,89.47,5.966834291815758
sar,4,defocus_blur,2,88.86,5.6696930152177805
source,4,glass_blur,0,34.75,48.80217960372567
tent,4,glass_blur,0,65.65,24.32705626100302
tent_temp,4,glass_blur,0,65.41,17.97783492103219
sicl,4,glass_blur,0,66.42,10.2265621137619
cgt_isocal,4,glass_blur,0,66.86,14.044337972402573
sicl_isocal,4,glass_blur,0,66.81,7.6398261523246775
eata,4,glass_blur,0,63.15,25.047460362613204
sar,4,glass_blur,0,61.760002,24.062452346980574
source,4,glass_blur,1,34.75,48.8021790458262
tent,4,glass_blur,1,65.42,24.635814764350656
tent_temp,4,glass_blur,1,66.54,16.852781708389518
sicl,4,glass_blur,1,66.2,10.746719837784765
cgt_isocal,4,glass_blur,1,65.04,15.44537333071232
sicl_isocal,4,glass_blur,1,66.21,7.707240278869867
eata,4,glass_blur,1,62.980003,25.086255019158127
sar,4,glass_blur,1,61.35,24.52173022314906
source,4,glass_blur,2,34.75,48.80217907086015
tent,4,glass_blur,2,65.21,24.752925905287267
tent_temp,4,glass_blur,2,66.159996,17.235502691566946
sicl,4,glass_blur,2,65.3,11.177500826716425
cgt_isocal,4,glass_blur,2,65.84,14.100810202062132
sicl_isocal,4,glass_blur,2,65.8,8.227418967485429
eata,4,glass_blur,2,63.08,25.104483793079858
sar,4,glass_blur,2,61.4,24.55667069837451
source,4,motion_blur,0,65.17,22.28889227747917
tent,4,motion_blur,0,87.76,7.566064092814923
tent_temp,4,motion_blur,0,87.45,4.094787703752517
sicl,4,motion_blur,0,87.33,5.242501861602069
cgt_isocal,4,motion_blur,0,87.03,6.877799334526062
sicl_isocal,4,motion_blur,0,87.05,2.9892666923999784
eata,4,motion_blur,0,86.26,8.07086458325386
sar,4,motion_blur,0,85.61,7.563355296552182
source,4,motion_blur,1,65.17,22.288891739249227
tent,4,motion_blur,1,87.05,8.2649286916852
tent_temp,4,motion_blur,1,87.11,4.341166357696056
sicl,4,motion_blur,1,87.29,5.308906274139881
cgt_isocal,4,motion_blur,1,87.66,6.369779400825501
sicl_isocal,4,motion_blur,1,87.17,2.8058980330824856
eata,4,motion_blur,1,86.479996,7.84147201180458
sar,4,motion_blur,1,85.86,7.2961544510722165
source,4,motion_blur,2,65.17,22.288891052007674
tent,4,motion_blur,2,87.35,7.926643441021442
tent_temp,4,motion_blur,2,87.48,4.1118761672079565
sicl,4,motion_blur,2,87.33,5.804061121940612
cgt_isocal,4,motion_blur,2,87.18,6.90578001409769
sicl_isocal,4,motion_blur,2,87.51,2.94092730730772
eata,4,motion_blur,2,86.35,8.014774010777472
sar,4,motion_blur,2,85.84,7.554178916960955
source,4,zoom_blur,0,62.690002,24.373493201881647
tent,4,zoom_blur,0,88.93,6.719050250947475
tent_temp,4,zoom_blur,0,88.55,3.4652298925817013
sicl,4,zoom_blur,0,88.25,4.805000465214252
cgt_isocal,4,zoom_blur,0,88.53,6.178530634641647
sicl_isocal,4,zoom_blur,0,88.48,2.9257306517660617
eata,4,zoom_blur,0,87.38,7.325131951570511
sar,4,zoom_blur,0,86.69,7.112636143118142
source,4,zoom_blur,1,62.690002,24.373494837135073
tent,4,zoom_blur,1,88.35,7.333916835188865
tent_temp,4,zoom_blur,1,88.4,3.400322833061218
sicl,4,zoom_blur,1,88.69,4.807655903697014
cgt_isocal,4,zoom_blur,1,88.200005,6.554982160329819
sicl_isocal,4,zoom_blur,1,88.05,3.509972158521414
eata,4,zoom_blur,1,87.87,6.981308465301991
sar,4,zoom_blur,1,86.95,6.780309034138917
source,4,zoom_blur,2,62.690002,24.373493862897156
tent,4,zoom_blur,2,88.86,6.736296180188655
tent_temp,4,zoom_blur,2,88.12,3.937121493965387
sicl,4,zoom_blur,2,87.57,4.818905099183321
cgt_isocal,4,zoom_blur,2,88.44,6.125595514774322
sicl_isocal,4,zoom_blur,2,88.36,2.8809692307934167
eata,4,zoom_blur,2,87.54,7.233726578354836
sar,4,zoom_blur,2,86.59,7.158565296530724
source,4,snow,0,76.83,13.618129440099002
tent,4,snow,0,81.39,12.392013570070267
tent_temp,4,snow,0,81.4,7.657693041414023
sicl,4,snow,0,80.729996,6.973124202787877
cgt_isocal,4,snow,0,81.34,8.995186134278773
sicl_isocal,4,snow,0,81.23,5.048572949916124
eata,4,snow,0,79.67,12.7979498295486
sar,4,snow,0,78.61,12.25846834242344
source,4,snow,1,76.83,13.618125338703397
tent,4,snow,1,81.67,11.990674324929714
tent_temp,4,snow,1,81.03,7.976251084804535
sicl,4,snow,1,81.71,6.820781747400762
cgt_isocal,4,snow,1,81.13,9.647768413722515
sicl_isocal,4,snow,1,81.49,4.043794525116682
eata,4,snow,1,79.979996,12.476654122918845
sar,4,snow,1,78.26,12.842174797654154
source,4,snow,2,76.83,13.618129199892282
tent,4,snow,2,80.98,12.697262001931668
tent_temp,4,snow,2,82.090004,6.900434983372689
sicl,4,snow,2,81.21,7.038280447125435
cgt_isocal,4,snow,2,82.21,8.697059814333917
sicl_isocal,4,snow,2,81.32,4.401962027400732
eata,4,snow,2,79.52,13.046737778484822
sar,4,snow,2,78.36,12.675816541314125
source,4,frost,0,66.22,20.681602675169707
tent,4,frost,0,82.72,11.289939622730017
tent_temp,4,frost,0,82.78,7.103057528734208
sicl,4,frost,0,82.96,6.624532548487186
cgt_isocal,4,frost,0,82.94,8.24755178272724
sicl_isocal,4,frost,0,82.29,3.7988712020218376
eata,4,frost,0,81.2,11.662470894157886
sar,4,frost,0,79.939995,11.335504079461098
source,4,frost,1,66.22,20.681607078760862
tent,4,frost,1,82.83,11.416098277568816
tent_temp,4,frost,1,82.740005,7.108466862291098
sicl,4,frost,1,83.14,6.972030155658721
cgt_isocal,4,frost,1,83.11,7.853334519565106
sicl_isocal,4,frost,1,82.520004,4.391573760509491
eata,4,frost,1,81.56,11.375384608507154
sar,4,frost,1,79.89,11.341175045967104
source,4,frost,2,66.22,20.68160251125693
tent,4,frost,2,81.950005,12.031627457141877
tent_temp,4,frost,2,82.18,7.536001303791999
sicl,4,frost,2,82.630005,5.693438517451288
cgt_isocal,4,frost,2,83.16,8.60885752350092
sicl_isocal,4,frost,2,83.090004,3.65349663130939
eata,4,frost,2,81.03,11.876059352755547
sar,4,frost,2,80.02,11.256543714106083
source,4,fog,0,82.340004,10.241817150712013
tent,4,fog,0,89.48,6.523319936543704
tent_temp,4,fog,0,89.22,3.435672730952502
sicl,4,fog,0,89.240005,4.428437723219395
cgt_isocal,4,fog,0,89.94,5.324692234992981
sicl_isocal,4,fog,0,89.36,2.6614469081163405
eata,4,fog,0,88.66,6.51193108022213
sar,4,fog,0,87.67,6.560864069610833
source,4,fog,1,82.340004,10.241812746524811
tent,4,fog,1,89.18,6.8076771406829355
tent_temp,4,fog,1,88.840004,3.8155294755101203
sicl,4,fog,1,89.35,4.590155062824488
cgt_isocal,4,fog,1,88.92,6.493256796598434
sicl_isocal,4,fog,1,89.43,2.3196643820405005
eata,4,fog,1,88.380005,6.793151754140854
sar,4,fog,1,87.87,6.279562397003175
source,4,fog,2,82.340004,10.241811904013156
tent,4,fog,2,88.92,6.956775132715702
tent_temp,4,fog,2,89.590004,3.1726265966892244
sicl,4,fog,2,89.41,4.5590614768862725
cgt_isocal,4,fog,2,89.58,5.900927388966084
sicl_isocal,4,fog,2,89.240005,2.488637899309396
eata,4,fog,2,88.4,6.864776398688555
sar,4,fog,2,87.66,6.380761038511992
source,4,brightness,0,90.99,4.831691025495529
tent,4,brightness,0,90.97,5.4885888563096525
tent_temp,4,brightness,0,91.08,2.6109950332343574
sicl,4,brightness,0,91.259995,3.6573455049097534
cgt_isocal,4,brightness,0,91.329994,5.243089892268181
sicl_isocal,4,brightness,0,91.27,2.2476611182093618
eata,4,brightness,0,90.5,5.531838053762914
sar,4,brightness,0,89.75,5.189436096400023
source,4,brightness,1,90.99,4.831690576076507
tent,4,brightness,1,91.27,5.305039337873459
tent_temp,4,brightness,1,91.149994,2.371841118186712
sicl,4,brightness,1,91.46,3.880937954038382
cgt_isocal,4,brightness,1,91.509995,4.967017639875412
sicl_isocal,4,brightness,1,91.0,1.9337235502898693
eata,4,brightness,1,90.7,5.305369666218757
sar,4,brightness,1,90.22,4.770978254824877
source,4,brightness,2,90.99,4.831690464019775
tent,4,brightness,2,90.979996,5.538605607450008
tent_temp,4,brightness,2,90.95,2.5728122694790363
sicl,4,brightness,2,91.049995,3.365469770878554
cgt_isocal,4,brightness,2,91.46,5.143756106197834
sicl_isocal,4,brightness,2,91.399994,2.3986850063502785
eata,4,brightness,2,90.7,5.214728312045336
sar,4,brightness,2,89.9,5.07141710460186
source,4,contrast,0,61.42,24.837578868418937
tent,4,contrast,0,87.26,9.143652543127537
tent_temp,4,contrast,0,87.87,5.370078296363354
sicl,4,contrast,0,87.65,5.997030771225691
cgt_isocal,4,contrast,0,88.11,8.117137137353419
sicl_isocal,4,contrast,0,86.63,4.236931643187999
eata,4,contrast,0,87.33,7.808224232196808
sar,4,contrast,0,87.23,5.951152883768082
source,4,contrast,1,61.42,24.837585539966824
tent,4,contrast,1,86.89,9.372132192701102
tent_temp,4,contrast,1,87.94,5.2459998115897175
sicl,4,contrast,1,88.39,5.6409353303909295
cgt_isocal,4,contrast,1,88.48,7.581081413924694
sicl_isocal,4,contrast,1,87.37,3.8201497530937196
eata,4,contrast,1,87.37,7.940762248784304
sar,4,contrast,1,87.37,5.877723860889674
source,4,contrast,2,61.42,24.83757908388972
tent,4,contrast,2,87.85,8.349534331262113
tent_temp,4,contrast,2,86.71,6.3410440045595164
sicl,4,contrast,2,87.56,4.883435755223036
cgt_isocal,4,contrast,2,86.94,9.299146405756474
sicl_isocal,4,contrast,2,87.89,3.3397658212482932
eata,4,contrast,2,87.25,8.517408846616744
sar,4,contrast,2,87.15,6.000184877961874
source,4,elastic_transform,0,73.82,15.35147005304694
tent,4,elastic_transform,0,82.520004,11.093289344608785
tent_temp,4,elastic_transform,0,82.78,6.3007152399420745
sicl,4,elastic_transform,0,82.93,6.33827983275056
cgt_isocal,4,elastic_transform,0,82.6,8.357491205930708
sicl_isocal,4,elastic_transform,0,82.79,4.7949542845040565
eata,4,elastic_transform,0,81.37,11.521484176814557
sar,4,elastic_transform,0,80.659996,10.736633814573288
source,4,elastic_transform,1,73.82,15.351469366103409
tent,4,elastic_transform,1,82.65,10.967066111117601
tent_temp,4,elastic_transform,1,82.93,6.100338576436043
sicl,4,elastic_transform,1,82.340004,6.919220066815615
cgt_isocal,4,elastic_transform,1,82.62,8.515175492167472
sicl_isocal,4,elastic_transform,1,82.71,3.6406693692505363
eata,4,elastic_transform,1,81.71,11.287997724115849
sar,4,elastic_transform,1,80.44,10.880211589634417
source,4,elastic_transform,2,73.82,15.351469587236643
tent,4,elastic_transform,2,82.03,11.540672579109668
tent_temp,4,elastic_transform,2,82.98,6.367458655238152
sicl,4,elastic_transform,2,82.39,6.836092708408834
cgt_isocal,4,elastic_transform,2,82.86,8.481088632047177
sicl_isocal,4,elastic_transform,2,82.840004,4.162618489414453
eata,4,elastic_transform,2,81.64,11.22177658110857
sar,4,elastic_transform,2,80.64,10.742567942738532
source,4,pixelate,0,59.45,27.287852197289464
tent,4,pixelate,0,85.549995,9.253470241129397
tent_temp,4,pixelate,0,86.159996,4.734728452563286
sicl,4,pixelate,0,85.89,5.450936914384365
cgt_isocal,4,pixelate,0,85.68,7.287080059945583
sicl_isocal,4,pixelate,0,85.439995,3.3311506018042567
eata,4,pixelate,0,83.91,9.594243739545345
sar,4,pixelate,0,82.14,9.677052577733994
source,4,pixelate,1,59.45,27.28784923613071
tent,4,pixelate,1,85.25,9.420604096353054
tent_temp,4,pixelate,1,84.92,5.601069784909487
sicl,4,pixelate,1,86.04,5.993280338048936
cgt_isocal,4,pixelate,1,85.21999,7.316060386896134
sicl_isocal,4,pixelate,1,85.63,3.503559130728244
eata,4,pixelate,1,83.48,9.974397861510514
sar,4,pixelate,1,82.35,9.335624326616527
source,4,pixelate,2,59.45,27.287851660549645
tent,4,pixelate,2,85.74,9.088207077533008
tent_temp,4,pixelate,2,85.32,5.464851687848568
sicl,4,pixelate,2,85.2,6.103125641644001
cgt_isocal,4,pixelate,2,85.59,7.189425605535507
sicl_isocal,4,pixelate,2,85.54,3.5253755889832976
eata,4,pixelate,2,83.630005,10.05316605091095
sar,4,pixelate,2,82.15,9.707887171506883
source,4,jpeg_compression,0,74.43,14.745668203532697
tent,4,jpeg_compression,0,78.21,14.743086090385916
tent_temp,4,jpeg_compression,0,78.32,9.617377535998822
sicl,4,jpeg_compression,0,78.75,7.33374931141734
cgt_isocal,4,jpeg_compression,0,78.64,9.99724816352129
sicl_isocal,4,jpeg_compression,0,78.88,4.612378235310316
eata,4,jpeg_compression,0,75.72,15.733258216679097
sar,4,jpeg_compression,0,73.689995,15.686656346321106
source,4,jpeg_compression,1,74.43,14.745668133199215
tent,4,jpeg_compression,1,78.36,14.59046861022711
tent_temp,4,jpeg_compression,1,77.840004,9.906096817702055
sicl,4,jpeg_compression,1,79.43,7.5621886853873725
cgt_isocal,4,jpeg_compression,1,77.96,10.507204296886922
sicl_isocal,4,jpeg_compression,1,77.94,4.2518544217199095
eata,4,jpeg_compression,1,75.91,15.492013811916113
sar,4,jpeg_compression,1,73.71,15.682628504633902
source,4,jpeg_compression,2,74.43,14.745672242939472
tent,4,jpeg_compression,2,78.49,14.454912703037262
tent_temp,4,jpeg_compression,2,78.11,9.712069277018308
sicl,4,jpeg_compression,2,77.75,7.640780124813318
cgt_isocal,4,jpeg_compression,2,77.71,10.958691484332086
sicl_isocal,4,jpeg_compression,2,78.93,4.6134410743415355
eata,4,jpeg_compression,2,75.89,15.693929100632667
sar,4,jpeg_compression,2,73.96,15.601408058702948
source,5,gaussian_noise,0,21.199999,67.62442492753267
tent,5,gaussian_noise,0,73.079994,18.49391541942954
tent_temp,5,gaussian_noise,0,72.13,13.35798970580101
sicl,5,gaussian_noise,0,72.56,8.163594409376381
cgt_isocal,5,gaussian_noise,0,73.409996,9.249590774178508
sicl_isocal,5,gaussian_noise,0,72.95,6.147758214026689
eata,5,gaussian_noise,0,69.16,20.38755242824554
sar,5,gaussian_noise,0,66.39,20.708795254826544
source,5,gaussian_noise,1,21.199999,67.62442943632603
tent,5,gaussian_noise,1,72.39,19.099162786602975
tent_temp,5,gaussian_noise,1,72.01,13.322030107080938
sicl,5,gaussian_noise,1,72.85,8.328438258767127
cgt_isocal,5,gaussian_noise,1,72.78,9.499086509943007
sicl_isocal,5,gaussian_noise,1,72.689995,5.230597948767246
eata,5,gaussian_noise,1,68.48,21.10899021089077
sar,5,gaussian_noise,1,66.439995,20.86057051986456
source,5,gaussian_noise,2,21.199999,67.62442881226539
tent,5,gaussian_noise,2,72.95,18.38441187605262
tent_temp,5,gaussian_noise,2,72.899994,12.615726876854897
sicl,5,gaussian_noise,2,72.53,8.328748555034398
cgt_isocal,5,gaussian_noise,2,72.71999,9.888520920574665
sicl_isocal,5,gaussian_noise,2,72.64,5.483061441481113
eata,5,gaussian_noise,2,69.28,20.428578077405692
sar,5,gaussian_noise,2,66.14,20.97956914037466
source,5,shot_noise,0,25.66,61.71022707745433
tent,5,shot_noise,0,74.0,18.028209026306868
tent_temp,5,shot_noise,0,75.1,11.257870169878007
sicl,5,shot_noise,0,74.93,7.72609465584159
cgt_isocal,5,shot_noise,0,74.6,8.56173656642437
sicl_isocal,5,shot_noise,0,74.83,4.794142646640539
eata,5,shot_noise,0,70.35,19.7881376247108
sar,5,shot_noise,0,67.7,19.931033860594034
source,5,shot_noise,1,25.66,61.71022665783763
tent,5,shot_noise,1,75.17,16.96236204072833
tent_temp,5,shot_noise,1,74.51,12.053042404800655
sicl,5,shot_noise,1,75.13,7.498749622255563
cgt_isocal,5,shot_noise,1,73.869995,9.662211775183678
sicl_isocal,5,shot_noise,1,74.85,5.094206141978503
eata,5,shot_noise,1,70.93,19.212497710883618
sar,5,shot_noise,1,67.83,19.876868042945862
source,5,shot_noise,2,25.66,61.71022707149386
tent,5,shot_noise,2,74.75,17.122596676796675
tent_temp,5,shot_noise,2,74.62,11.601092438697815
sicl,5,shot_noise,2,74.84,8.08843786329031
cgt_isocal,5,shot_noise,2,74.84,8.653139908611776
sicl_isocal,5,shot_noise,2,74.63,4.599464698880911
eata,5,shot_noise,2,70.340004,19.77803892597556
sar,5,shot_noise,2,67.65,19.86724720671773
source,5,impulse_noise,0,18.32,70.34980073183775
tent,5,impulse_noise,0,67.36,22.47560082823038
tent_temp,5,impulse_noise,0,67.5,15.673834880515933
sicl,5,impulse_noise,0,66.28999,8.898906657844782
cgt_isocal,5,impulse_noise,0,67.43,10.012611861974001
sicl_isocal,5,impulse_noise,0,66.6,5.25598714247346
eata,5,impulse_noise,0,63.090004,24.91362833738327
sar,5,impulse_noise,0,60.89,24.21902392178774
source,5,impulse_noise,1,18.32,70.34980002641677
tent,5,impulse_noise,1,66.46999,23.351889209896328
tent_temp,5,impulse_noise,1,66.32,16.766681279838085
sicl,5,impulse_noise,1,66.74,9.569530091434718
cgt_isocal,5,impulse_noise,1,67.89,11.052016302794218
sicl_isocal,5,impulse_noise,1,67.259995,6.7278591164201496
eata,5,impulse_noise,1,63.239998,24.638807367533445
sar,5,impulse_noise,1,60.54,24.689320304840802
source,5,impulse_noise,2,18.32,70.34980849564076
tent,5,impulse_noise,2,66.439995,23.381911987066267
tent_temp,5,impulse_noise,2,67.61,15.779291375130416
sicl,5,impulse_noise,2,66.32,9.514375054240226
cgt_isocal,5,impulse_noise,2,67.079994,10.454020578861236
sicl_isocal,5,impulse_noise,2,66.56,6.8046842992305745
eata,5,impulse_noise,2,63.020004,24.873263482004404
sar,5,impulse_noise,2,60.48,24.685308261066673
source,5,defocus_blur,0,39.539997,43.15334861710668
tent,5,defocus_blur,0,86.59,8.637415154278278
tent_temp,5,defocus_blur,0,86.45,4.837938982546329
sicl,5,defocus_blur,0,86.51,5.255468710511922
cgt_isocal,5,defocus_blur,0,86.68,7.257851633429527
sicl_isocal,5,defocus_blur,0,86.369995,3.8043827687203895
eata,5,defocus_blur,0,85.369995,8.768420993387698
sar,5,defocus_blur,0,84.71,8.29486142784357
source,5,defocus_blur,1,39.539997,43.1533489318192
tent,5,defocus_blur,1,86.38,8.876074592769145
tent_temp,5,defocus_blur,1,86.39,4.7596454487741
sicl,5,defocus_blur,1,86.06,5.742814764976501
cgt_isocal,5,defocus_blur,1,86.35,6.961874108612537
sicl_isocal,5,defocus_blur,1,86.18,3.340841955393553
eata,5,defocus_blur,1,85.369995,8.858397763073445
sar,5,defocus_blur,1,84.899994,8.114181822985412
source,5,defocus_blur,2,39.539997,43.15334895595908
tent,5,defocus_blur,2,86.09,9.00681071728468
tent_temp,5,defocus_blur,2,85.689995,5.574958810210228
sicl,5,defocus_blur,2,86.26,5.67562542900443
cgt_isocal,5,defocus_blur,2,86.36,7.121482381820679
sicl_isocal,5,defocus_blur,2,86.07,3.2585486423969274
eata,5,defocus_blur,2,85.34,8.783022587150334
sar,5,defocus_blur,2,84.63,8.27558628410101
source,5,glass_blur,0,37.77,45.12533385589719
tent,5,glass_blur,0,65.77,24.027224454879757
tent_temp,5,glass_blur,0,66.74,16.547789579331877
sicl,5,glass_blur,0,66.24,10.57499894604087
cgt_isocal,5,glass_blur,0,65.54,14.645876655876636
sicl_isocal,5,glass_blur,0,65.62,7.5924617806076995
eata,5,glass_blur,0,62.93,25.29787765622139
sar,5,glass_blur,0,61.72,24.4919099470973
source,5,glass_blur,1,37.77,45.12533446058631
tent,5,glass_blur,1,65.29,24.440532469600438
tent_temp,5,glass_blur,1,66.21,17.071393526494504
sicl,5,glass_blur,1,65.75,11.135313341617584
cgt_isocal,5,glass_blur,1,65.54,15.567855829000473
sicl_isocal,5,glass_blur,1,66.14,7.1581258720904595
eata,5,glass_blur,1,63.120003,24.88977428644895
sar,5,glass_blur,1,61.97,24.092292678952216
source,5,glass_blur,2,37.77,45.12533442959189
tent,5,glass_blur,2,64.740005,25.158640150874856
tent_temp,5,glass_blur,2,65.69,17.457849022746085
sicl,5,glass_blur,2,66.38,11.809217585623264
cgt_isocal,5,glass_blur,2,66.09,14.572077098488807
sicl_isocal,5,glass_blur,2,66.22,6.674893780462445
eata,5,glass_blur,2,63.14,25.20529055997729
sar,5,glass_blur,2,62.1,24.04060954362154
source,5,motion_blur,0,55.04,30.294290250092747
tent,5,motion_blur,0,85.65,9.230300911068918
tent_temp,5,motion_blur,0,85.079994,5.587074958980083
sicl,5,motion_blur,0,84.74,5.5112505625188355
cgt_isocal,5,motion_blur,0,85.259995,7.319518414139747
sicl_isocal,5,motion_blur,0,85.439995,3.624106966853142
eata,5,motion_blur,0,83.61,9.966885262727738
sar,5,motion_blur,0,83.26,9.132132786661387
source,5,motion_blur,1,55.04,30.29429046854377
tent,5,motion_blur,1,85.34,9.549868522435426
tent_temp,5,motion_blur,1,84.69,5.74363792359829
sicl,5,motion_blur,1,85.7,5.998436999171973
cgt_isocal,5,motion_blur,1,85.159996,7.4157943546772005
sicl_isocal,5,motion_blur,1,84.49,2.973726146668196
eata,5,motion_blur,1,83.98,9.582764290124176
sar,5,motion_blur,1,82.990005,9.3396570135653
source,5,motion_blur,2,55.04,30.294295681566002
tent,5,motion_blur,2,84.71,9.945515854507684
tent_temp,5,motion_blur,2,85.2,5.35588825404644
sicl,5,motion_blur,2,84.81,6.432501119226217
cgt_isocal,5,motion_blur,2,85.13,7.421659564971924
sicl_isocal,5,motion_blur,2,84.69,3.365722854882479
eata,5,motion_blur,2,84.17,9.445483182072639
sar,5,motion_blur,2,83.090004,9.144504336714744
source,5,zoom_blur,0,50.97,34.25348200768232
tent,5,zoom_blur,0,86.47,8.557311150431632
tent_temp,5,zoom_blur,0,86.24,4.561039389371873
sicl,5,zoom_blur,0,86.69,5.449063174128533
cgt_isocal,5,zoom_blur,0,86.57,6.999050185978414
sicl_isocal,5,zoom_blur,0,86.729996,4.006517067849637
eata,5,zoom_blur,0,85.03,8.916693219989538
sar,5,zoom_blur,0,84.18,8.574123467206954
source,5,zoom_blur,1,50.97,34.25348129302264
tent,5,zoom_blur,1,86.31,8.666186739504338
tent_temp,5,zoom_blur,1,86.17,4.71825955376029
sicl,5,zoom_blur,1,86.63,5.5701568904519085
cgt_isocal,5,zoom_blur,1,86.409996,7.096557393074036
sicl_isocal,5,zoom_blur,1,86.13,4.116557238996029
eata,5,zoom_blur,1,85.29,8.8113705393672
sar,5,zoom_blur,1,84.24,8.55168403118849
source,5,zoom_blur,2,50.97,34.25348157912493
tent,5,zoom_blur,2,86.81,8.228252937048675
tent_temp,5,zoom_blur,2,86.09,4.9297442054748535
sicl,5,zoom_blur,2,85.299995,5.87093600332737
cgt_isocal,5,zoom_blur,2,86.49,7.144861573576926
sicl_isocal,5,zoom_blur,2,86.619995,3.223142060786486
eata,5,zoom_blur,2,85.1,8.834604870975019
sar,5,zoom_blur,2,84.16,8.608708022087812
source,5,snow,0,70.04,18.05622228771448
tent,5,snow,0,80.659996,13.20902521327138
tent_temp,5,snow,0,81.18,8.051766998171807
sicl,5,snow,0,80.75,7.6953132285177706
cgt_isocal,5,snow,0,80.21,10.376622963547707
sicl_isocal,5,snow,0,80.47,4.909315237626434
eata,5,snow,0,78.78,13.47050390869379
sar,5,snow,0,77.020004,13.622839683741333
source,5,snow,1,70.04,18.056218210458756
tent,5,snow,1,81.5,12.114237046092748
tent_temp,5,snow,1,81.36,7.727958471477033
sicl,5,snow,1,80.95,7.233438700139522
cgt_isocal,5,snow,1,80.19,10.292215945720674
sicl_isocal,5,snow,1,80.89,4.936108596622944
eata,5,snow,1,78.59,13.740093938708306
sar,5,snow,1,77.060005,13.436514201760291
source,5,snow,2,70.04,18.056221893429754
tent,5,snow,2,81.2,12.503940216302873
tent_temp,5,snow,2,80.45,8.40987132936716
sicl,5,snow,2,81.85,7.129219576716422
cgt_isocal,5,snow,2,80.25,10.538524459004403
sicl_isocal,5,snow,2,81.37,4.950872924029827
eata,5,snow,2,78.32,13.753347919136285
sar,5,snow,2,77.270004,13.256855746656656
source,5,frost,0,53.51,30.407204410880805
tent,5,frost,0,79.979996,13.517948826402426
tent_temp,5,frost,0,78.96999,9.546220842897894
sicl,5,frost,0,79.439995,6.828907364159822
cgt_isocal,5,frost,0,79.89,10.309777551293372
sicl_isocal,5,frost,0,79.479996,4.921667178124189
eata,5,frost,0,77.21,14.719064859747888
sar,5,frost,0,76.25,13.764121079295876
source,5,frost,1,53.51,30.407200579494237
tent,5,frost,1,79.49,14.090434352755546
tent_temp,5,frost,1,79.56,8.9122058147192
sicl,5,frost,1,78.58,7.1467195834219455
cgt_isocal,5,frost,1,78.369995,11.25266899704933
sicl_isocal,5,frost,1,79.42,4.97762612119317
eata,5,frost,1,77.65,14.516729942262174
sar,5,frost,1,76.05,13.911131046712399
source,5,frost,2,53.51,30.407205004543066
tent,5,frost,2,79.659996,13.970599982738497
tent_temp,5,frost,2,79.89,8.843828060179948
sicl,5,frost,2,79.159996,6.65281333938241
cgt_isocal,5,frost,2,79.04,11.264832049012185
sicl_isocal,5,frost,2,79.07,4.70672016426921
eata,5,frost,2,78.01,14.138793085664508
sar,5,frost,2,76.43,13.749947041571142
source,5,fog,0,60.06,26.43115348830819
tent,5,fog,0,83.350006,11.006432460695507
tent_temp,5,fog,0,83.060005,7.186455804109573
sicl,5,fog,0,83.47,6.151560630053282
cgt_isocal,5,fog,0,83.15,8.99321089297533
sicl_isocal,5,fog,0,84.29,3.8610317048430445
eata,5,fog,0,81.92,11.269476319104434
sar,5,fog,0,81.32,10.452005478590728
source,5,fog,1,60.06,26.43115451619029
tent,5,fog,1,83.020004,11.25771946966648
tent_temp,5,fog,1,83.19,7.110896328389643
sicl,5,fog,1,83.340004,6.635001626610755
cgt_isocal,5,fog,1,83.05,9.243262422084808
sicl_isocal,5,fog,1,84.03,4.103277812600135
eata,5,fog,1,81.89,11.458405601233244
sar,5,fog,1,81.27,10.566283772587775
source,5,fog,2,60.06,26.43115418151021
tent,5,fog,2,83.26,11.20173673734069
tent_temp,5,fog,2,82.78,7.383513066917658
sicl,5,fog,2,84.0,5.777970509231091
cgt_isocal,5,fog,2,83.75,9.105022943019867
sicl_isocal,5,fog,2,84.01,3.457538633048535
eata,5,fog,2,82.03,11.232342092692853
sar,5,fog,2,81.23,10.659409782886506
source,5,brightness,0,88.32,6.501440917849541
tent,5,brightness,0,89.770004,6.413406315743924
tent_temp,5,brightness,0,89.490005,3.5138482336699965
sicl,5,brightness,0,89.72,3.904532686322928
cgt_isocal,5,brightness,0,89.78001,6.188766489326955
sicl_isocal,5,brightness,0,89.93,2.8642073798179633
eata,5,brightness,0,88.96,6.401862580329181
sar,5,brightness,0,88.48,5.9819588436186315
source,5,brightness,1,88.32,6.50144065707922
tent,5,brightness,1,89.850006,6.379768093079327
tent_temp,5,brightness,1,89.75,3.0127112433314327
sicl,5,brightness,1,89.87,4.416406303793191
cgt_isocal,5,brightness,1,89.9,5.712008056342602
sicl_isocal,5,brightness,1,89.76,2.3192929327487946
eata,5,brightness,1,89.23,6.220410300940276
sar,5,brightness,1,88.43,5.879714780747889
source,5,brightness,2,88.32,6.501430722773074
tent,5,brightness,2,89.8,6.44410768866539
tent_temp,5,brightness,2,89.0,3.9109108969569206
sicl,5,brightness,2,89.53,3.9262497055530554
cgt_isocal,5,brightness,2,90.07,5.790848583281041
sicl_isocal,5,brightness,2,90.11,2.41211588293314
eata,5,brightness,2,89.15,6.252307901382446
sar,5,brightness,2,88.15,6.137142501324415
source,5,contrast,0,18.279999,62.72361288934947
tent,5,contrast,0,85.399994,10.535989761948587
tent_temp,5,contrast,0,83.270004,9.04175176024437
sicl,5,contrast,0,85.13,7.722498419582843
cgt_isocal,5,contrast,0,85.2,10.034105558991433
sicl_isocal,5,contrast,0,83.8,4.972997643947601
eata,5,contrast,0,83.770004,10.829342864751816
sar,5,contrast,0,83.72,8.283934483379126
source,5,contrast,1,18.279999,62.72361327201128
tent,5,contrast,1,84.51,11.31978677481413
tent_temp,5,contrast,1,85.82,6.337130570262671
sicl,5,contrast,1,85.81,6.421406430602072
cgt_isocal,5,contrast,1,84.97,10.2753566467762
sicl_isocal,5,contrast,1,84.619995,4.712669827938081
eata,5,contrast,1,83.87,10.6724494831264
sar,5,contrast,1,83.69,8.201731123626232
source,5,contrast,2,18.279999,62.72361083179712
tent,5,contrast,2,84.25,11.221330767571928
tent_temp,5,contrast,2,83.22,9.165314273238181
sicl,5,contrast,2,84.619995,7.576719874739648
cgt_isocal,5,contrast,2,85.24,10.129422332942486
sicl_isocal,5,contrast,2,85.03,4.156933453381062
eata,5,contrast,2,83.86,11.026471961140633
sar,5,contrast,2,83.75,8.292318402677774
source,5,elastic_transform,0,69.950005,17.301593986451625
tent,5,elastic_transform,0,75.24,16.81405353650451
tent_temp,5,elastic_transform,0,75.520004,11.183197467625142
sicl,5,elastic_transform,0,75.86,8.220312072187664
cgt_isocal,5,elastic_transform,0,74.99,12.55192105203867
sicl_isocal,5,elastic_transform,0,75.48,5.343806755840778
eata,5,elastic_transform,0,73.86,17.22460193738341
sar,5,elastic_transform,0,73.35,16.065871448069814
source,5,elastic_transform,1,69.950005,17.301594398319722
tent,5,elastic_transform,1,75.590004,16.431020247787238
tent_temp,5,elastic_transform,1,75.69,11.017432641237972
sicl,5,elastic_transform,1,75.3,8.395625349879264
cgt_isocal,5,elastic_transform,1,75.69,10.951347324848177
sicl_isocal,5,elastic_transform,1,75.13,5.291884287297726
eata,5,elastic_transform,1,73.74,17.260257247090337
sar,5,elastic_transform,1,73.17,16.339101350605485
source,5,elastic_transform,2,69.950005,17.301594033539295
tent,5,elastic_transform,2,75.16,16.807033982276913
tent_temp,5,elastic_transform,2,75.31,11.20910077661276
sicl,5,elastic_transform,2,75.61,8.182813211232425
cgt_isocal,5,elastic_transform,2,75.79,11.654333302676678
sicl_isocal,5,elastic_transform,2,75.45,5.2541099761798975
eata,5,elastic_transform,2,73.799995,17.218904655575752
sar,5,elastic_transform,2,73.049995,16.370322495549917
source,5,pixelate,0,42.37,41.334976963698864
tent,5,pixelate,0,80.49,12.91312028720975
tent_temp,5,pixelate,0,80.13,8.431408829838038
sicl,5,pixelate,0,80.45,6.627344963550569
cgt_isocal,5,pixelate,0,80.0,9.278003799319269
sicl_isocal,5,pixelate,0,80.07,4.715141284614802
eata,5,pixelate,0,76.79,14.924587610960005
sar,5,pixelate,0,75.71,14.164290152937175
source,5,pixelate,1,42.37,41.33497676819563
tent,5,pixelate,1,79.84,13.335940155535935
tent_temp,5,pixelate,1,79.4,8.875230697989464
sicl,5,pixelate,1,80.34,7.29452985867858
cgt_isocal,5,pixelate,1,79.99,9.423823131322862
sicl_isocal,5,pixelate,1,79.509995,4.5339359839260585
eata,5,pixelate,1,77.490005,14.308950366973876
sar,5,pixelate,1,75.28,14.380518643558027
source,5,pixelate,2,42.37,41.33497696578503
tent,5,pixelate,2,79.869995,13.46527439147234
tent_temp,5,pixelate,2,79.67,8.68976067394018
sicl,5,pixelate,2,79.84,6.9882798244059074
cgt_isocal,5,pixelate,2,80.06,9.292030087709428
sicl_isocal,5,pixelate,2,80.6,4.962544772326946
eata,5,pixelate,2,77.200005,14.670159725099802
sar,5,pixelate,2,75.46,14.237585910260675
source,5,jpeg_compression,0,71.01,16.732092985212805
tent,5,jpeg_compression,0,76.630005,15.77470339909196
tent_temp,5,jpeg_compression,0,75.770004,10.859297314882278
sicl,5,jpeg_compression,0,76.14,8.132344835847617
cgt_isocal,5,jpeg_compression,0,76.1,10.942155260145665
sicl_isocal,5,jpeg_compression,0,75.97,5.686010970920324
eata,5,jpeg_compression,0,72.909996,17.673836641460657
sar,5,jpeg_compression,0,71.380005,17.098306191563605
source,5,jpeg_compression,1,71.01,16.732093248069287
tent,5,jpeg_compression,1,75.83,16.312382307052612
tent_temp,5,jpeg_compression,1,75.62,10.867252244353296
sicl,5,jpeg_compression,1,75.58,7.50859236240387
cgt_isocal,5,jpeg_compression,1,75.97,10.364850378632545
sicl_isocal,5,jpeg_compression,1,76.0,5.891801269687712
eata,5,jpeg_compression,1,72.689995,17.70790749758482
sar,5,jpeg_compression,1,70.770004,17.716048473268746
source,5,jpeg_compression,2,71.01,16.732092978060248
tent,5,jpeg_compression,2,75.23,16.70228669703007
tent_temp,5,jpeg_compression,2,75.81,10.821958767771722
sicl,5,jpeg_compression,2,75.4,7.931719279140234
cgt_isocal,5,jpeg_compression,2,76.44,10.35502287387848
sicl_isocal,5,jpeg_compression,2,75.45,5.430821485668421
eata,5,jpeg_compression,2,72.299995,18.074576925933364
sar,5,jpeg_compression,2,71.19,17.217531260848045
